序号,股票代码,股票名称,交易日,开盘,收盘,最高,最低,成交量,大盘代码,大盘名字,开盘,收盘,最高,最低,成交量
1,SZ300461,N田中,20150519,9.5,11.4,11.4,9.5,7200,SZ399001,深证成指,14723.214,15127.376,15173.919,14704.328,4524245213
2,SZ300461,田中精机,20150520,12.54,12.54,12.54,12.54,2000,SZ399001,深证成指,15206.559,15337.083,15618.128,15206.559,21174060119
3,SZ300461,田中精机,20150521,13.79,13.79,13.79,13.79,700,SZ399001,深证成指,15402.948,15872.534,15872.588,15402.948,19681887581
4,SZ300461,田中精机,20150522,15.17,15.17,15.17,15.17,1500,SZ399001,深证成指,16084.038,16045.797,16191.152,15731.01,24674055310
5,SZ300461,田中精机,20150525,16.69,16.69,16.69,16.69,1000,SZ399001,深证成指,15894.14,16351.056,16368.908,15810.149,24330570805
6,SZ300461,田中精机,20150526,18.36,18.36,18.36,18.36,1100,SZ399001,深证成指,16456.23,16903.471,16904.147,16397.504,26873059063
7,SZ300461,田中精机,20150527,20.2,20.2,20.2,20.2,1100,SZ399001,深证成指,16988.904,16963.522,17061.917,16610.779,26240355843
8,SZ300461,田中精机,20150528,22.22,22.22,22.22,22.22,500,SZ399001,深证成指,16953.604,15912.947,17153.803,15909.101,31528569153
9,SZ300461,田中精机,20150529,24.44,24.44,24.44,24.44,8500,SZ399001,深证成指,15920.326,16100.448,16386.054,15299.647,23196496052
10,SZ300461,田中精机,20150601,26.88,26.88,26.88,26.88,5200,SZ399001,深证成指,16247.389,16917.525,16921.066,16245.553,20579109507
11,SZ300461,田中精机,20150602,29.57,29.57,29.57,29.57,8600,SZ399001,深证成指,17051.22,17485.578,17485.578,16963.738,21882346449
12,SZ300461,田中精机,20150603,32.53,32.53,32.53,32.53,6500,SZ399001,深证成指,17626.916,17538.503,17696.477,17098.431,22734890598
13,SZ300461,田中精机,20150604,35.78,35.78,35.78,35.78,22300,SZ399001,深证成指,17579.358,17501.052,17608.724,16426.312,22997052477
14,SZ300461,田中精机,20150605,39.36,39.36,39.36,39.36,7050,SZ399001,深证成指,17727.86,17649.086,17901.863,17302.554,26060843827
15,SZ300461,田中精机,20150608,43.3,43.3,43.3,43.3,21050,SZ399001,深证成指,17648.722,17452.308,17648.722,17145.698,25060092575
16,SZ300461,田中精机,20150609,47.63,47.63,47.63,47.63,74800,SZ399001,深证成指,17410.64,17398.996,17609.276,17184.324,20971104592
17,SZ300461,田中精机,20150610,52.39,52.39,52.39,52.39,87150,SZ399001,深证成指,17297.04,17677.572,17852.36,17165.894,21387083676
18,SZ300461,田中精机,20150611,57.63,57.63,57.63,57.63,17400,SZ399001,深证成指,17692.898,17889.689,17889.911,17606.426,20697300681
19,SZ300461,田中精机,20150612,63.39,63.39,63.39,63.39,15700,SZ399001,深证成指,17978.048,18098.274,18198.073,17921.91,22643324868
20,SZ300461,田中精机,20150615,69.73,69.73,69.73,69.73,150900,SZ399001,深证成指,18182.642,17702.551,18211.757,17668.67,24674492985
21,SZ300461,田中精机,20150616,72,76.7,76.7,66.11,8644594,SZ399001,深证成指,17502.368,17075.931,17502.368,16911.91,21179438390
22,SZ300461,田中精机,20150617,72.09,75.23,83.87,69.03,6306882,SZ399001,深证成指,17073.078,17405.571,17474.079,16564.365,18280862725
23,SZ300461,田中精机,20150618,71.5,67.71,72.95,67.71,3558239,SZ399001,深证成指,17367.128,16734.839,17442.77,16709.603,16411249414
24,SZ300461,田中精机,20150619,63,60.94,64.65,60.94,3574003,SZ399001,深证成指,16386.981,15725.47,16578.876,15700.494,17993011266
25,SZ300461,田中精机,20150623,59.6,61.04,63.36,57.87,3201372,SZ399001,深证成指,15720.321,16045.989,16047.316,14938.821,17772500988
26,SZ300461,田中精机,20150624,61.2,58.6,61.88,57.51,3434319,SZ399001,深证成指,16178.553,16312.311,16345.749,15867.912,20923027818
27,SZ300461,田中精机,20150625,58.2,53.23,58.2,52.74,2369422,SZ399001,深证成指,16369.995,15692.444,16399.344,15499.223,20283931762
28,SZ300461,田中精机,20150626,51.08,47.91,52.26,47.91,2224070,SZ399001,深证成指,15196.558,14398.785,15229.001,14321.052,18707188801
29,SZ300461,田中精机,20150629,49.01,45.84,49.49,43.12,2696848,SZ399001,深证成指,14703.966,13566.271,14712.163,13250.347,22938934816
30,SZ300461,田中精机,20150630,44.05,48.48,49.99,41.3,2520691,SZ399001,深证成指,13274.645,14337.965,14352.052,12723.159,23710776987
31,SZ300461,田中精机,20150701,47.33,46.8,51.9,45.04,3084989,SZ399001,深证成指,14185.102,13650.816,14696.982,13578.375,21115368866
32,SZ300461,田中精机,20150702,46.4,42.12,47.3,42.12,1947971,SZ399001,深证成指,13655.732,12924.19,13732.494,12727.229,19924771980
33,SZ300461,田中精机,20150703,39.82,38.3,44,37.91,2194020,SZ399001,深证成指,12475.61,12246.062,13154.131,11953.081,19909790668
34,SZ300461,田中精机,20150706,42.13,36.99,42.13,35.22,2343128,SZ399001,深证成指,13140.14,12075.769,13140.14,11584.471,25151426088
35,SZ300461,田中精机,20150707,35.51,33.29,35.51,33.29,1312150,SZ399001,深证成指,11660.56,11375.604,11767.66,11282.623,17632029425
36,SZ300461,田中精机,20150708,29.96,29.96,30.78,29.96,2034051,SZ399001,深证成指,10870.144,11040.889,11112.616,10850.384,21793516406
37,SZ300461,田中精机,20150709,29.07,32.96,32.96,28.94,1975990,SZ399001,深证成指,10953.332,11510.34,11513.36,10932.997,12256264709
38,SZ300461,田中精机,20150710,34.62,36.26,36.26,34.62,717870,SZ399001,深证成指,11733.448,12038.145,12062.902,11696.769,10722152554
39,SZ300461,田中精机,20150713,39.89,39.89,39.89,38.67,1935362,SZ399001,深证成指,12367.618,12614.155,12658.069,12261.253,14980580076
40,SZ300461,田中精机,20150714,42.5,43.88,43.88,41,3880107,SZ399001,深证成指,12796.485,12728.513,13091.928,12635.197,17074641448
41,SZ300461,田中精机,20150715,42,39.49,42.87,39.49,2227150,SZ399001,深证成指,12783.075,12132.419,12792.311,12093.9,20343830907
42,SZ300461,田中精机,20150716,35.58,38.19,41.25,35.54,2246381,SZ399001,深证成指,11963.351,12357.606,12600.653,11637.472,17690151357
43,SZ300461,田中精机,20150717,39,40.33,41.27,37.93,3226903,SZ399001,深证成指,12460.507,13004.957,13097.454,12435.595,17550422774
44,SZ300461,田中精机,20150720,39.53,40.02,41.5,39.31,2444516,SZ399001,深证成指,13115.48,13202.395,13427.863,12942.945,20021075569
45,SZ300461,田中精机,20150721,39.18,44.02,44.02,38.21,3432153,SZ399001,深证成指,13038.148,13315.556,13436.912,12928.133,16781159672
46,SZ300461,田中精机,20150722,44.32,43.9,45.75,41.88,2903721,SZ399001,深证成指,13307.932,13416.536,13482.039,13098.805,18155628943
47,SZ300461,田中精机,20150723,44.04,48.29,48.29,43.35,3534808,SZ399001,深证成指,13432.612,13754.528,13792.365,13356.055,20440989545
48,SZ300461,田中精机,20150724,49.4,47.9,52.14,47.14,4911963,SZ399001,深证成指,13789.313,13518.515,13970.836,13424.181,22197722549
49,SZ300461,田中精机,20150727,45.96,43.11,49.3,43.11,3035447,SZ399001,深证成指,13242.69,12493.046,13579.639,12488.367,20235229596
50,SZ300461,田中精机,20150728,39.86,42.13,44.9,38.8,2684666,SZ399001,深证成指,11986.247,12316.776,12676.273,11718.996,21371749721
51,SZ300461,田中精机,20150729,42.98,46.34,46.34,41,2658798,SZ399001,深证成指,12472.275,12823.073,12823.147,12078.315,15729210569
52,SZ300461,田中精机,20150730,45.66,45.05,49.4,44.9,3441722,SZ399001,深证成指,12766.342,12395.922,12988.555,12382.296,15929774266
53,SZ300461,田中精机,20150731,43.01,49.56,49.56,43.01,5091604,SZ399001,深证成指,12228.413,12374.254,12580.961,12213.462,12737083524
54,SZ300461,田中精机,20150803,48.56,51.5,51.5,45.91,5076976,SZ399001,深证成指,12178.572,12161.576,12305.613,11909.005,13716421952
55,SZ300461,田中精机,20150804,50.06,49.86,51.9,46.8,4601050,SZ399001,深证成指,12163.121,12711.562,12711.562,12105.937,14047305056
56,SZ300461,田中精机,20150805,49,51.19,53.63,48.39,4732656,SZ399001,深证成指,12694.571,12524.686,12842.31,12447.037,13710653089
57,SZ300461,田中精机,20150806,49.4,46.64,50.3,46.16,3126290,SZ399001,深证成指,12274.724,12421.849,12595.123,12231.888,9998794669
58,SZ300461,田中精机,20150807,46.35,47.45,48.3,46.35,2041655,SZ399001,深证成指,12543.656,12753.049,12769.133,12522.473,12501597973
59,SZ300461,田中精机,20150810,47.46,49.47,50.2,47.46,2248058,SZ399001,深证成指,12877.307,13302.962,13373.304,12821.892,17107693183
60,SZ300461,田中精机,20150811,49.44,51.4,53.4,49.01,3725091,SZ399001,深证成指,13316.888,13323.085,13508.299,13240.088,18391858997
61,SZ300461,田中精机,20150812,49.99,50.01,51.98,49,2905345,SZ399001,深证成指,13201.538,13117.101,13396.335,13117.101,14272457384
62,SZ300461,田中精机,20150813,49.9,50.99,51.25,49.4,1729707,SZ399001,深证成指,13069.983,13395.176,13395.176,12962,14583358947
63,SZ300461,田中精机,20150814,51.05,52.65,54.87,51.05,3621885,SZ399001,深证成指,13497.164,13445.874,13606.327,13378.591,16823444915
64,SZ300461,田中精机,20150817,51.6,49.38,52.73,48.85,2804756,SZ399001,深证成指,13417.326,13573.902,13585.961,13309.538,17515518158
65,SZ300461,田中精机,20150818,48.5,44.9,50.29,44.45,1972200,SZ399001,深证成指,13608.516,12683.855,13652.542,12634.948,20802650713
66,SZ300461,田中精机,20150819,44,45.35,46,41.5,1450822,SZ399001,深证成指,12328.596,12960.659,13028.504,12049.916,17281511769
67,SZ300461,田中精机,20150820,44.8,44.18,46.81,44,920930,SZ399001,深证成指,12864.835,12584.577,13040.362,12582.244,14930704514
68,SZ300461,田中精机,20150821,43.57,40.58,44,40.5,938231,SZ399001,深证成指,12355.274,11902.046,12511.415,11891.839,14444057646
69,SZ300461,田中精机,20150824,39,37.88,40.2,36.98,2285777,SZ399001,深证成指,11399.663,10970.29,11446.099,10964.092,11638609092
70,SZ300461,田中精机,20150825,36.2,40.8,41.67,36.2,4118121,SZ399001,深证成指,10212.472,10197.937,10529.923,10168.416,13481638299
71,SZ300461,田中精机,20150826,40.93,42.5,44.8,38.01,4315601,SZ399001,深证成指,10199.896,9899.719,10559.241,9776.21,17861007580
72,SZ300461,田中精机,20150827,41.2,41,43.4,38.25,3236394,SZ399001,深证成指,10076.092,10254.349,10254.349,9713.986,15104144417
73,SZ300461,田中精机,20150828,40.98,42.51,43,39.02,2561231,SZ399001,深证成指,10397.966,10799.996,10826.191,10311.368,17803540091
74,SZ300461,田中精机,20150831,41.5,38.27,41.85,38.26,1518568,SZ399001,深证成指,10706.227,10549.163,10706.227,10398.33,15046174164
75,SZ300461,田中精机,20150901,36.84,34.44,36.96,34.44,1353183,SZ399001,深证成指,10388.498,10162.516,10388.498,9954.577,15006637502
76,SZ300461,田中精机,20150902,31.9,31,35.6,31,1146170,SZ399001,深证成指,9694.477,10054.801,10319.485,9682.708,15482730324
77,SZ300461,田中精机,20150907,32.05,30.99,33.81,30.35,1500132,SZ399001,深证成指,10121.829,9991.764,10404.223,9933.541,12797444115
78,SZ300461,田中精机,20150908,30.06,33.7,33.7,30.06,1343201,SZ399001,深证成指,9898.635,10320.226,10341.304,9763.949,10677755100
79,SZ300461,田中精机,20150909,34,35.2,36.48,33.95,1795968,SZ399001,深证成指,10367.348,10620.133,10702.183,10335.022,16809304015
80,SZ300461,田中精机,20150910,35,35.35,36.55,33.5,1641085,SZ399001,深证成指,10449.926,10424.654,10618.869,10406.021,11409284103
81,SZ300461,田中精机,20150911,35.36,35.6,36.16,34.5,1055202,SZ399001,深证成指,10408.407,10463.692,10555.62,10332.411,9452023234
82,SZ300461,田中精机,20150914,35.3,32.04,35.65,32.04,1229633,SZ399001,深证成指,10517.684,9778.234,10544.281,9739.421,12542482255
83,SZ300461,田中精机,20150915,31.01,29.17,31.87,28.9,742398,SZ399001,深证成指,9533.45,9290.807,9719.662,9259.648,10495789418
84,SZ300461,田中精机,20150916,29.97,32.09,32.09,29.97,1021817,SZ399001,深证成指,9330.755,9890.429,9933.83,9297.198,12125076652
85,SZ300461,田中精机,20150917,32.49,31.33,33.18,31.31,1125837,SZ399001,深证成指,9872.041,9739.89,10147.175,9739.89,14234900486
86,SZ300461,田中精机,20150918,31.9,32.26,32.86,31.19,681389,SZ399001,深证成指,9806.716,9850.772,9914.585,9691.064,9573024892
87,SZ300461,田中精机,20150921,31.85,34.39,35.45,31,1142200,SZ399001,深证成指,9732.122,10176.727,10176.727,9701.325,11807314160
88,SZ300461,田中精机,20150922,35.3,34.46,35.48,34.02,1208000,SZ399001,深证成指,10200.547,10238.686,10357.417,10121.741,13421347669
89,SZ300461,田中精机,20150923,33.81,35.6,36.01,33.51,1888786,SZ399001,深证成指,10071.333,10132.295,10250.453,10040.948,11669597661
90,SZ300461,田中精机,20150924,37.5,35.47,37.5,35,1312412,SZ399001,深证成指,10178.098,10238.038,10288.184,10124.128,10659202052
91,SZ300461,田中精机,20150925,35.36,33.84,35.97,33.08,1149225,SZ399001,深证成指,10184.88,9904.764,10249.242,9835.842,11118568679
92,SZ300461,田中精机,20150928,33.51,35.3,35.5,33.51,764989,SZ399001,深证成指,9919.562,10115.547,10124.313,9796.929,7695937265
93,SZ300461,田中精机,20150929,34.8,34.42,35.18,33.81,566096,SZ399001,深证成指,9962.581,9949.918,10070.254,9873.781,8559994246
94,SZ300461,田中精机,20150930,34.45,34.73,34.89,34.1,535952,SZ399001,深证成指,10004.795,9988.25,10048.859,9890.706,7186872198
95,SZ300461,田中精机,20151008,36.06,36.18,36.63,35.06,1271328,SZ399001,深证成指,10332.235,10394.734,10477.209,10265,11595488229
96,SZ300461,田中精机,20151009,36.18,36.7,36.97,35.5,1136049,SZ399001,深证成指,10386.806,10540.194,10589.519,10363.984,11798718266
97,SZ300461,田中精机,20151012,36.7,38.25,38.69,36.68,1878850,SZ399001,深证成指,10599.884,10961.363,11069.681,10593.538,17241547077
98,SZ300461,田中精机,20151013,38.13,38.42,38.78,37.7,1315000,SZ399001,深证成指,10885.105,11042.13,11072.996,10850.723,14021320131
99,SZ300461,田中精机,20151014,38.42,38.47,39.39,38.08,1635782,SZ399001,深证成指,10997.082,10901.479,11095.338,10880.108,14207687918
100,SZ300461,田中精机,20151015,38.05,39.91,40.33,37.69,2296374,SZ399001,深证成指,10862.112,11229.38,11229.38,10862.112,15267837334
101,SZ300461,田中精机,20151016,39.99,39.92,40.2,38.88,1860137,SZ399001,深证成指,11301.935,11374.834,11384.24,11172.042,18028363914
102,SZ300461,田中精机,20151019,40.3,39.67,40.9,38.88,1715218,SZ399001,深证成指,11426.518,11391.013,11498.24,11245.014,17822770348
103,SZ300461,田中精机,20151020,39.6,40.82,40.95,39.15,1787606,SZ399001,深证成指,11372.178,11597.08,11597.156,11335.783,16290520428
104,SZ300461,田中精机,20151021,40.79,37.57,42,37,2383488,SZ399001,深证成指,11592.199,10915.986,11641.893,10872.567,21033867104
105,SZ300461,田中精机,20151022,37.31,38.88,39.38,37.31,1109430,SZ399001,深证成指,10921.178,11305.103,11320.011,10910.879,15982591907
106,SZ300461,田中精机,20151023,39.19,40.59,40.78,38.88,1303492,SZ399001,深证成指,11397.199,11603.456,11653.087,11345.527,19169302360
107,SZ300461,田中精机,20151026,41.14,41.1,41.52,39.9,1608071,SZ399001,深证成指,11765.652,11687.772,11789.02,11534.826,19230298742
108,SZ300461,田中精机,20151027,40.21,40.8,41.18,37.38,1328227,SZ399001,深证成指,11588.942,11758.413,11820.723,11229.102,18698140048
109,SZ300461,田中精机,20151028,40.85,40.77,41.7,40.11,1606824,SZ399001,深证成指,11689.287,11494.347,11834.073,11446.43,17271676630
110,SZ300461,田中精机,20151029,41.97,41.3,41.97,40.21,1271664,SZ399001,深证成指,11565.713,11566.662,11694.781,11406.102,13828731896
111,SZ300461,田中精机,20151030,41,42.69,43.75,40.6,2323051,SZ399001,深证成指,11542.014,11546.051,11711.037,11369.395,14201425679
112,SZ300461,田中精机,20151102,42,44.31,46.96,41.36,3315138,SZ399001,深证成指,11306.204,11304.882,11637.988,11266.038,13365970462
113,SZ300461,田中精机,20151103,44.36,45.64,45.99,43.28,2892496,SZ399001,深证成指,11341.303,11288.144,11416.838,11200.597,10526160295
114,SZ300461,田中精机,20151104,45.6,47.08,47.94,45.05,2924255,SZ399001,深证成指,11351.249,11884.9,11884.9,11351.249,17193645669
115,SZ300461,田中精机,20151105,47.2,46.7,47.87,45.47,2873973,SZ399001,深证成指,11908.688,11939.81,12091.53,11853.464,23685082477
116,SZ300461,田中精机,20151106,46.15,51.33,51.36,46.15,3636696,SZ399001,深证成指,11952.512,12273.351,12292.424,11952.512,20046271668
117,SZ300461,田中精机,20151109,50.8,55.1,56.46,49.83,4381600,SZ399001,深证成指,12227.405,12453.241,12538.352,12145.064,22435058403
118,SZ300461,田中精机,20151110,55,55.1,57,52.68,3645601,SZ399001,深证成指,12390.527,12500.528,12597.163,12349.033,20924861723
119,SZ300461,田中精机,20151111,55,60.61,60.61,53.52,4012127,SZ399001,深证成指,12509.525,12677.537,12687.196,12445.288,19756941211
120,SZ300461,田中精机,20151112,61.68,65,66.67,60,4556489,SZ399001,深证成指,12735.502,12635.393,12758.673,12483.34,20131624996
121,SZ300461,田中精机,20151113,63.5,58.5,64.5,58.5,4358117,SZ399001,深证成指,12492.942,12402.036,12574.962,12272.381,17777305930
122,SZ300461,田中精机,20151116,54.19,61,61,54.19,2665789,SZ399001,深证成指,12180.986,12620.38,12620.38,12171.662,14015520043
123,SZ300461,田中精机,20151117,60.68,57.92,63.2,57.2,2749555,SZ399001,深证成指,12744.793,12511.545,12827.201,12478.973,20803719944
124,SZ300461,田中精机,20151118,57.16,54.07,58,53.85,1931668,SZ399001,深证成指,12516.14,12283.758,12580.913,12257.042,15752279129
125,SZ300461,田中精机,20151119,54.3,58.4,58.5,54.3,1777355,SZ399001,深证成指,12326.161,12609.844,12609.844,12309.785,14926820024
126,SZ300461,田中精机,20151120,58.34,58.17,59.78,57,1756568,SZ399001,深证成指,12650.248,12702.034,12766.261,12565.801,18656795968
127,SZ300461,田中精机,20151123,57.48,55.53,57.88,55,1246850,SZ399001,深证成指,12699.146,12586.691,12806.316,12539.98,16743816781
128,SZ300461,田中精机,20151124,56.6,61.08,61.08,55.56,2346483,SZ399001,深证成指,12580.717,12694.856,12694.856,12438.921,13325454011
129,SZ300461,田中精机,20151125,61.2,61.1,61.98,59.24,2087289,SZ399001,深证成指,12696.132,12893.228,12904.787,12666.188,15373971177
130,SZ300461,田中精机,20151126,60.55,59.67,64.67,59.4,2762041,SZ399001,深证成指,12951.998,12767.502,12970.47,12747.892,17142048146
131,SZ300461,田中精机,20151127,58.44,56.77,61.5,55.8,2347861,SZ399001,深证成指,12697.507,11961.703,12733.452,11880.321,18689965003
132,SZ300461,田中精机,20151130,56.77,62,62.22,53.88,3605863,SZ399001,深证成指,11991.701,12037.857,12121.219,11455.495,15745812538
133,SZ300461,田中精机,20151201,61,59.88,63.6,58,3204886,SZ399001,深证成指,12022.835,12081.17,12206.165,11938.627,12806756190
134,SZ300461,田中精机,20151202,60,65.87,65.87,59.21,4928098,SZ399001,深证成指,12068.977,12186.271,12188.011,11830.989,14030739858
135,SZ300461,田中精机,20151203,69,72.46,72.46,68,2322479,SZ399001,深证成指,12205.439,12447.381,12447.381,12205.439,13058913006
136,SZ300461,田中精机,20151204,79.71,72.52,79.71,72.35,8139693,SZ399001,深证成指,12384.496,12329.176,12474.457,12268.494,12892731062
137,SZ300461,田中精机,20151207,73.3,72.62,74.5,70.58,4591976,SZ399001,深证成指,12351.405,12443.047,12467.852,12262.13,11375440538
138,SZ300461,田中精机,20151208,71.3,70.5,72.62,68.52,4017193,SZ399001,深证成指,12371.109,12164.966,12371.109,12151.153,11766601876
139,SZ300461,田中精机,20151209,69.4,65.91,70.53,65.51,3672201,SZ399001,深证成指,12112.197,12179.831,12257.581,12091.764,10852716512
140,SZ300461,田中精机,20151210,65.5,64.15,66.7,63.01,3029771,SZ399001,深证成指,12180.774,12181.03,12318.044,12158.653,11066786378
141,SZ300461,田中精机,20151211,64.49,61.98,65.45,61.72,2585486,SZ399001,深证成指,12120.595,12134.02,12228.29,12051.444,9761122558
142,SZ300461,田中精机,20151214,61.37,64,64.19,60.05,2256366,SZ399001,深证成指,12023.814,12400.594,12400.594,12004.486,11176339336
143,SZ300461,田中精机,20151215,64.1,63.73,64.68,63.16,2091606,SZ399001,深证成指,12412.465,12495.249,12553.788,12412.465,11490460421
144,SZ300461,田中精机,20151216,64.8,64.35,67,64.05,2847733,SZ399001,深证成指,12533.112,12511.028,12595.124,12471.094,11434240884
145,SZ300461,田中精机,20151217,64.98,67.99,68.26,64.2,3262052,SZ399001,深证成指,12602.667,12825.48,12825.48,12602.667,16985992081
146,SZ300461,田中精机,20151218,67.89,65.3,68.2,65,2537494,SZ399001,深证成指,12825.023,12830.247,12904.078,12763.431,15087351616
147,SZ300461,田中精机,20151221,64.22,64.38,65,63.11,1517492,SZ399001,深证成指,12824.433,13028.31,13047.125,12816.715,16207975735
148,SZ300461,田中精机,20151222,64.43,65.34,65.9,63.2,1314594,SZ399001,深证成指,13064.686,13139.125,13139.125,12980.377,15376876888
149,SZ300461,田中精机,20151223,65.1,65.7,68.18,64.1,2589762,SZ399001,深证成指,13142.526,13007.868,13187.052,12974.628,16251769163
150,SZ300461,田中精机,20151224,65,68.5,68.5,64.55,2552324,SZ399001,深证成指,12977.248,12932.372,13003.784,12770.359,11823065969
151,SZ300461,田中精机,20151225,68.55,65.98,68.98,65,2272047,SZ399001,深证成指,12960.255,12980.566,13012.743,12898.472,10433295762
152,SZ300461,田中精机,20151228,65.65,61.4,65.8,61,2097707,SZ399001,深证成指,13025.657,12686.34,13064.5,12686.34,13564341210
153,SZ300461,田中精机,20151229,61.3,62.67,65,61.12,1139489,SZ399001,深证成指,12676.614,12806.156,12806.156,12598.105,10122319131
154,SZ300461,田中精机,20151230,61.33,62.6,62.97,61.33,848606,SZ399001,深证成指,12826.477,12889.834,12899.944,12768.168,10914942789
155,SZ300461,田中精机,20151231,62.4,59.5,62.75,59.19,1126707,SZ399001,深证成指,12893.12,12664.89,12921.711,12664.533,10239044824
156,SZ300461,田中精机,20160104,59.7,53.55,60.36,53.55,900400,SZ399001,深证成指,12650.719,11626.038,12659.408,11625.409,10584326648
157,SZ300461,田中精机,20160105,50.15,53.56,54.1,48.5,1546550,SZ399001,深证成指,11116.9,11468.06,11687.48,11063.642,15180381823
158,SZ300461,田中精机,20160106,53.5,55,55.54,52.99,1276622,SZ399001,深证成指,11520.772,11724.88,11730.48,11413.984,13403484238
159,SZ300461,田中精机,20160107,54.01,49.66,54.02,49.52,335000,SZ399001,深证成指,11504.9,10760.273,11504.9,10745.47,3790575524
160,SZ300461,田中精机,20160108,51.18,49.25,51.5,47.01,1081975,SZ399001,深证成指,11008.894,10888.908,11121.777,10376.29,14927702744
161,SZ300461,田中精机,20160111,48.03,45.07,50.63,45,1343846,SZ399001,深证成指,10656.87,10212.459,10809.568,10212.459,14181469928
162,SZ300461,田中精机,20160112,45.2,45.81,46.87,44,1014002,SZ399001,深证成指,10243.569,10293.704,10414.936,10065.09,11375736889
163,SZ300461,田中精机,20160113,45.8,42.76,46.66,42.76,883102,SZ399001,深证成指,10347.084,9978.821,10435.239,9978.821,10842139372
164,SZ300461,田中精机,20160114,41.21,44.89,45.21,40.8,1149953,SZ399001,深证成指,9678.216,10344.942,10357.952,9668.896,11864886668
165,SZ300461,田中精机,20160115,44.6,41.9,45.29,41.2,968659,SZ399001,深证成指,10268.947,9997.925,10363.822,9940.889,11436611137
166,SZ300461,田中精机,20160118,41.89,43.91,44.35,40.2,1010026,SZ399001,深证成指,9807.248,10155.962,10273.586,9807.248,9738939293
167,SZ300461,田中精机,20160119,43.28,45.9,46,43.28,1194658,SZ399001,深证成指,10137.38,10501.786,10519.667,10105.546,11757726575
168,SZ300461,田中精机,20160120,45.49,50.49,50.49,45.21,2338268,SZ399001,深证成指,10434.355,10366.849,10554.035,10297.817,11307063836
169,SZ300461,田中精机,20160121,48.88,47.74,50.5,46.47,1810749,SZ399001,深证成指,10207.421,9975.974,10475.512,9975.974,10193567851
170,SZ300461,田中精机,20160122,47.73,48,49.08,46.76,1077379,SZ399001,深证成指,10095.425,10111.567,10171.919,9837.744,8581630342
171,SZ300461,田中精机,20160125,48.5,48.52,49.64,47.58,923614,SZ399001,深证成指,10194.752,10192.531,10291.495,10103.65,7851714313
172,SZ300461,田中精机,20160126,47.58,48.84,49.98,47.5,2390029,SZ399001,深证成指,10079.222,9483.547,10104.468,9463.307,10868260110
173,SZ300461,田中精机,20160127,48.85,51.25,52.5,45.01,2132390,SZ399001,深证成指,9525.611,9422.43,9556.834,8986.518,11379370222
174,SZ300461,田中精机,20160128,50.23,50.5,52.68,49.23,1997526,SZ399001,深证成指,9309.871,9082.588,9430.556,9045.495,8611429171
175,SZ300461,田中精机,20160129,47.74,51,53,47,2526617,SZ399001,深证成指,9077.106,9418.204,9491.058,9056.043,9144873473
176,SZ300461,田中精机,20160201,50.01,50.05,51.68,48.5,1105612,SZ399001,深证成指,9389.624,9322.006,9457.433,9196.152,7581400435
177,SZ300461,田中精机,20160202,50.05,51.9,52.47,50.01,1640587,SZ399001,深证成指,9332.694,9610.93,9646.952,9332.694,8341474159
178,SZ300461,田中精机,20160203,50.55,52.55,52.82,50.51,946380,SZ399001,深证成指,9509.501,9638.874,9679.543,9453.158,7861031284
179,SZ300461,田中精机,20160204,52.46,51.4,53.82,51.2,1559001,SZ399001,深证成指,9667.907,9793.069,9844.02,9667.907,8888329464
180,SZ300461,田中精机,20160205,51.6,48.88,51.9,48.8,1056862,SZ399001,深证成指,9802.249,9673.478,9830.075,9670.022,7172992037
181,SZ300461,田中精机,20160215,47,48,48.36,45.5,608200,SZ399001,深证成指,9385.524,9668.845,9725.181,9385.524,6880588720
182,SZ300461,田中精机,20160216,48.02,50.05,50.2,48.02,868198,SZ399001,深证成指,9727.764,10045.367,10071.021,9727.764,10393003440
183,SZ300461,田中精机,20160217,50.01,50.24,50.5,48.84,969309,SZ399001,深证成指,10043.689,10161.769,10178.55,9982.167,12036444284
184,SZ300461,田中精机,20160218,50.25,51.2,51.97,50,1406931,SZ399001,深证成指,10231.263,10116.396,10273.633,10099.102,11835971909
185,SZ300461,田中精机,20160219,51.42,50.18,51.42,49.95,1523352,SZ399001,深证成指,10091.675,10162.315,10225.992,10066.043,9412436963
186,SZ300461,田中精机,20160222,50.34,53.87,53.87,50.11,3971137,SZ399001,深证成指,10290.05,10370.985,10371.144,10239.581,12302485018
187,SZ300461,田中精机,20160223,52.9,52.2,52.9,51.53,2329328,SZ399001,深证成指,10374.357,10299.674,10397.523,10171.675,11393096430
188,SZ300461,田中精机,20160224,51.54,49.72,52.05,48.01,1932920,SZ399001,深证成指,10256.392,10307.626,10355.323,10100.504,10798458560
189,SZ300461,田中精机,20160225,49.59,44.75,49.6,44.75,1436277,SZ399001,深证成指,10290.956,9551.076,10290.956,9510.099,13723384857
190,SZ300461,田中精机,20160226,43.99,42.68,45.4,42.5,1066600,SZ399001,深证成指,9625.367,9573.704,9676.24,9392.669,10160069340
191,SZ300461,田中精机,20160229,42.89,38.41,42.96,38.41,1150803,SZ399001,深证成指,9528.724,9097.362,9528.724,9000.888,11115359292
192,SZ300461,田中精机,20160301,38.5,40.15,40.8,38.4,1005778,SZ399001,深证成指,9116.557,9322,9384.311,9011.509,10931032663
193,SZ300461,田中精机,20160302,40.16,42.28,42.3,40.16,905478,SZ399001,深证成指,9308.49,9766.366,9781.914,9308.49,14723119205
194,SZ300461,田中精机,20160303,42.15,41.8,43.29,41.7,823090,SZ399001,深证成指,9770.739,9762.014,9946.935,9748.997,15891609738
195,SZ300461,田中精机,20160304,41.6,38.8,41.87,38.1,1001840,SZ399001,深证成指,9721.225,9536.707,9797.56,9447.108,14247905242
196,SZ300461,田中精机,20160307,39.19,40.3,40.81,39.19,753126,SZ399001,深证成指,9642.25,9703.83,9805.369,9614.691,10452801571
197,SZ300461,田中精机,20160308,40,40.87,40.97,37.03,982239,SZ399001,深证成指,9690.569,9732.727,9732.727,9348.76,11825908444
198,SZ300461,田中精机,20160309,39.6,39.81,40.36,38.22,660956,SZ399001,深证成指,9525.255,9523.144,9672.487,9466.487,9051707712
199,SZ300461,田中精机,20160310,39.8,43.79,43.79,39.01,1513919,SZ399001,深证成指,9526.187,9390.347,9600.231,9382.158,7366544560
200,SZ300461,田中精机,20160311,48.1,45.2,48.1,43.5,2999847,SZ399001,深证成指,9286.525,9363.405,9430.953,9254.236,6240010370
201,SZ300461,田中精机,20160314,45.9,46.04,47.5,44.31,2785347,SZ399001,深证成指,9466.419,9665.13,9763.365,9466.419,10489941675
202,SZ300461,田中精机,20160315,45.16,43.3,45.53,43.3,1729135,SZ399001,深证成指,9636.632,9574.187,9677.482,9536.27,8425789623
203,SZ300461,田中精机,20160316,44,41.5,44.89,41.5,1192448,SZ399001,深证成指,9629.817,9469.028,9661.929,9418.549,7481213513
204,SZ300461,田中精机,20160317,41.71,43.58,43.84,41.4,1596136,SZ399001,深证成指,9515.626,9791.85,9820.99,9511.714,11567939844
205,SZ300461,田中精机,20160318,43.57,47.94,47.94,43.5,2908223,SZ399001,深证成指,9841.04,10126.589,10170.688,9833.109,16597880078
206,SZ300461,田中精机,20160321,48.85,48.01,48.85,46.71,3193218,SZ399001,深证成指,10255.903,10394.142,10394.142,10234.648,17991783772
207,SZ300461,田中精机,20160322,47.01,47.07,47.91,47.01,1790840,SZ399001,深证成指,10308.911,10344.082,10435.132,10254.688,13933984075
208,SZ300461,田中精机,20160323,47.1,48.28,48.68,46,2072466,SZ399001,深证成指,10317.934,10442.382,10442.382,10277.247,12078402717
209,SZ300461,田中精机,20160324,47.5,47.76,49.9,46.59,2212366,SZ399001,深证成指,10346.556,10283.679,10473.216,10263.562,13245422022
210,SZ300461,田中精机,20160325,47.1,47.27,47.99,46.2,1247089,SZ399001,深证成指,10256.41,10339.684,10371.523,10223.16,10315416915
211,SZ300461,田中精机,20160328,47.5,47.51,48.48,47,1047385,SZ399001,深证成指,10399.165,10276.84,10494.203,10248.266,11723758634
212,SZ300461,田中精机,20160329,47.5,45.23,47.88,44.83,1128298,SZ399001,深证成指,10259.713,10094.712,10278.998,10024.059,10071625156
213,SZ300461,田中精机,20160330,45.8,47.57,47.57,45.8,1014952,SZ399001,深证成指,10187.64,10445.691,10445.691,10187.64,11206533731
214,SZ300461,田中精机,20160331,48,48.83,50.1,48,2194543,SZ399001,深证成指,10494.523,10455.369,10552.578,10426.448,12123518531
215,SZ300461,田中精机,20160401,48.3,48.5,49,47.57,1253234,SZ399001,深证成指,10410.679,10379.647,10442.299,10224.372,10268415835
216,SZ300461,田中精机,20160419,49.5,49.46,51.4,49.26,2372188,SZ399001,深证成指,10618.835,10602.464,10649.246,10531.542,8583123904
217,SZ300461,田中精机,20160420,49.61,50.45,51.19,47,2698230,SZ399001,深证成指,10632.07,10164.744,10647.094,10011.567,14763141804
218,SZ300461,田中精机,20160421,49.5,48.3,50.33,47.56,1872696,SZ399001,深证成指,10120.114,10058.801,10242.362,10049.349,10634448911
219,SZ300461,田中精机,20160422,47.5,48.98,48.98,47.03,1118461,SZ399001,深证成指,9995.124,10151.764,10151.764,9976.045,8287133120
220,SZ300461,田中精机,20160425,48.79,51.8,52.38,48.05,2503380,SZ399001,深证成指,10122.126,10106.787,10137.745,9986.393,7316630316
221,SZ300461,田中精机,20160427,49.6,49,50.39,48.24,2632549,SZ399001,深证成指,10221.826,10174.159,10279.087,10159.497,7461746655
222,SZ300461,田中精机,20160428,48.45,47.28,48.69,45.91,1716864,SZ399001,深证成指,10178.237,10149.909,10198.953,9990.671,7639610597
223,SZ300461,田中精机,20160429,47,46.8,47.87,46.55,841373,SZ399001,深证成指,10111.614,10141.541,10196.923,10100.183,6259125697
224,SZ300461,田中精机,20160503,46.98,49.18,49.35,46.35,1383459,SZ399001,深证成指,10144.153,10441.92,10441.92,10105.799,9684841431
225,SZ300461,田中精机,20160504,49.17,49.92,50.5,49,1706507,SZ399001,深证成指,10401.675,10422.802,10498.315,10389.771,9321652631
226,SZ300461,田中精机,20160505,50,50.47,50.47,49.09,1386245,SZ399001,深证成指,10403.55,10474.013,10480.221,10372.216,8057244658
227,SZ300461,田中精机,20160506,50.47,48.5,51.69,48,2150161,SZ399001,深证成指,10473.303,10100.535,10501.435,10100.535,11930742973
228,SZ300461,田中精机,20160509,47.2,46.68,47.78,46.21,1241055,SZ399001,深证成指,10018.507,9790.477,10018.507,9747.872,9558443106
229,SZ300461,田中精机,20160510,46.61,46.78,47,46.33,666185,SZ399001,深证成指,9770.303,9793.214,9836.976,9738.518,6420816905
230,SZ300461,田中精机,20160511,46.99,43.88,47.35,43.86,1059553,SZ399001,深证成指,9848.324,9781.15,9904.531,9743.075,7257788058
231,SZ300461,田中精机,20160512,42,44.18,45.97,42,794863,SZ399001,深证成指,9664.28,9796.581,9801.201,9544.123,7287382602
232,SZ300461,田中精机,20160513,44.19,43.89,44.58,43.06,524698,SZ399001,深证成指,9769.129,9759.267,9880.694,9710.167,6492630102
233,SZ300461,田中精机,20160516,43.65,45.34,45.55,43.13,701409,SZ399001,深证成指,9729.793,9910.082,9910.082,9690.329,6981685486
234,SZ300461,田中精机,20160517,45.5,45.88,46.22,45.3,702531,SZ399001,深证成指,9918.435,9908.791,10007.382,9839.858,8401893743
235,SZ300461,田中精机,20160518,45.08,43.7,45.55,43.5,759477,SZ399001,深证成指,9835.581,9694.776,9835.581,9591.176,8536288131
236,SZ300461,田中精机,20160519,43.73,44.12,45.76,43.72,601442,SZ399001,深证成指,9684.117,9733.736,9847.215,9684.117,7484068385
237,SZ300461,田中精机,20160520,44.03,44.72,44.72,43.6,706104,SZ399001,深证成指,9657.745,9816.752,9816.752,9628.984,6952699847
238,SZ300461,田中精机,20160523,45.1,45.85,46.16,45.01,694049,SZ399001,深证成指,9839.782,9918.164,9937.829,9839.763,7719242441
239,SZ300461,田中精机,20160524,45.5,46.35,46.7,44.88,1011198,SZ399001,深证成指,9903.17,9821.698,9903.17,9765.654,7134174179
240,SZ300461,田中精机,20161027,50.82,50.82,50.82,50.82,90760,SZ399001,深证成指,10805.804,10788.97,10808.144,10745.277,7220823923
241,SZ300461,田中精机,20161028,55.9,55.9,55.9,55.9,88617,SZ399001,深证成指,10783.2768,10711.0368,10836.7736,10710.928,7691182565
242,SZ300461,田中精机,20161031,61.49,61.49,61.49,61.49,503095,SZ399001,深证成指,10685.3576,10704.304,10719.036,10630.304,6647955682
243,SZ300461,田中精机,20161101,62.34,67.64,67.64,61.88,9357421,SZ399001,深证成指,10714.8208,10796.1376,10797.0608,10706.8704,6690962768
244,SZ300461,田中精机,20161102,68,74.4,74.4,68,6636420,SZ399001,深证成指,10771.348,10692.6528,10785.1136,10686.9392,7989901127
245,SZ300461,田中精机,20161103,74.8,72.9,80.99,72.51,6628931,SZ399001,深证成指,10662.164,10743.9632,10804.2568,10655.136,8828666191
246,SZ300461,田中精机,20161104,73.12,80.19,80.19,73.12,6100423,SZ399001,深证成指,10737.9096,10702.5696,10784.8352,10684.4664,7438560946
247,SZ300461,田中精机,20161107,80.4,76.8,82.99,76,4385120,SZ399001,深证成指,10704.2576,10695.1784,10729.9848,10663.5568,8674806706
248,SZ300461,田中精机,20161108,76.21,76.21,77.68,74.7,2894666,SZ399001,深证成指,10734.0672,10763.1256,10785.8752,10722.3552,8035076409
249,SZ300461,田中精机,20161109,75.97,75.85,79.7,74.44,3285067,SZ399001,深证成指,10768.8608,10697.1144,10785.0896,10575.1632,10493539181
250,SZ300461,田中精机,20161110,77,76.11,79.67,75.75,3632288,SZ399001,深证成指,10777.0965,10821.663,10848.9758,10777.0965,10099389159
251,SZ300461,田中精机,20161111,76.21,78.16,78.8,75.36,2867203,SZ399001,深证成指,10823.9326,10878.1385,10878.1385,10792.8304,12601250298
252,SZ300461,田中精机,20161114,79,85.98,85.98,78.8,4131346,SZ399001,深证成指,10855.9832,10907.5255,10952.6079,10847.8173,13262440501
253,SZ300461,田中精机,20161115,88.8,83.68,94.58,82.4,6646616,SZ399001,深证成指,10910.1452,10958.104,10958.104,10877.3965,10638571736
254,SZ300461,田中精机,20161116,80.01,81.3,86.11,77.09,4269970,SZ399001,深证成指,10970.7039,10968.0839,10998.9209,10956.8706,10921819125
255,SZ300461,田中精机,20161117,79.93,78.06,81.66,76,2599466,SZ399001,深证成指,10942.1018,10945.4163,10961.7998,10887.515,8529942837
256,SZ300461,田中精机,20161118,78.88,77.69,80.98,77.6,1785308,SZ399001,深证成指,10946.8766,10889.1062,10963.6632,10876.9139,7894010870
257,SZ300461,田中精机,20161121,77.5,77.82,79.22,75.01,1849769,SZ399001,深证成指,10877.0755,10899.9168,10955.4429,10861.8103,8229854745
258,SZ300461,田中精机,20161122,77.2,79.45,79.8,77.2,1519717,SZ399001,深证成指,10910.4158,10985.6029,10985.6029,10910.4158,9578378067
259,SZ300461,田中精机,20161123,79.57,81.1,85.6,79.02,2561344,SZ399001,深证成指,11010.9994,10973.7995,11041.5222,10952.0008,10800892834
260,SZ300461,田中精机,20161124,80.05,78.4,81.8,77.71,1369696,SZ399001,深证成指,10960.645,10967.4659,11030.1233,10947.2729,10275314015
261,SZ300461,田中精机,20161125,77.88,76.46,79.06,74.55,1305771,SZ399001,深证成指,10966.3625,11036.5294,11036.5294,10830.3974,10283203699
262,SZ300461,田中精机,20161128,76.53,71.53,76.68,70.18,1530798,SZ399001,深证成指,11078.7726,11068.8673,11108.8654,11045.6842,11132821621
263,SZ300461,田中精机,20161129,71.41,73,75.8,71.19,1423676,SZ399001,深证成指,11039.6225,11034.7016,11124.8109,11026.2979,11337033964
264,SZ300461,田中精机,20161130,73.83,71.21,73.88,70.45,926646,SZ399001,深证成指,11023.6569,11012.1927,11072.0553,10983.181,9783405719
265,SZ300461,田中精机,20161201,69.86,72.83,73.48,69.86,753077,SZ399001,深证成指,11037.1147,11088.1566,11090.9313,11036.6111,9540553240
266,SZ300461,田中精机,20161202,72.79,69.7,74.47,68.2,697219,SZ399001,深证成指,11074.5363,10912.6271,11078.2908,10905.3929,10110355868
267,SZ300461,田中精机,20161205,69.01,71.9,73,69.01,919623,SZ399001,深证成指,10776.1222,10784.3317,10894.0767,10762.8464,9137768126
268,SZ300461,田中精机,20161206,72.1,70.71,73.85,70.3,726418,SZ399001,深证成指,10798.8021,10779.7653,10833.8086,10774.3601,6983381271
269,SZ300461,田中精机,20161207,70.9,73.36,74.13,70.51,1098118,SZ399001,深证成指,10780.2123,10855.7176,10855.7176,10751.2018,7452176498
270,SZ300461,田中精机,20161208,73.56,74.36,75.99,73.56,1199245,SZ399001,深证成指,10865.2206,10812.2973,10865.2206,10804.741,7838320456
271,SZ300461,田中精机,20161209,73.79,70.86,75,70.86,930496,SZ399001,深证成指,10802.1757,10789.6244,10835.9115,10766.5554,7758854437
272,SZ300461,田中精机,20161212,70.05,64.38,71.45,63.77,1236505,SZ399001,深证成指,10774.5925,10302.853,10775.5698,10292.5399,11512687745
273,SZ300461,田中精机,20161213,63.9,63.98,65.74,63,646493,SZ399001,深证成指,10280.4371,10332.2755,10364.0642,10192.1305,8181279628
274,SZ300461,田中精机,20161214,63.81,64.99,65.4,63.81,601602,SZ399001,深证成指,10318.0704,10232.8192,10333.6593,10213.9461,7922197948
275,SZ300461,田中精机,20161215,64.99,65.46,67.48,64.1,792383,SZ399001,深证成指,10202.2443,10256.1081,10331.9763,10194.9988,7558719888
276,SZ300461,田中精机,20161216,64.88,67.8,67.8,64.51,1029868,SZ399001,深证成指,10258.6441,10334.7569,10346.5323,10239.2146,6798739946
277,SZ300461,田中精机,20161219,67.73,66.1,67.78,65.4,741257,SZ399001,深证成指,10330.6105,10283.1641,10330.6105,10262.6873,6556349056
278,SZ300461,田中精机,20161220,65.1,66.49,67.4,65.1,786514,SZ399001,深证成指,10275.4399,10245.3321,10276.6281,10204.0184,6358232552
279,SZ300461,田中精机,20161221,66.55,67.23,67.99,65.88,1335349,SZ399001,深证成指,10266.1888,10313.5692,10320.3359,10266.1888,6249103444
280,SZ300461,田中精机,20161222,67.23,67.72,68.98,65.82,1350156,SZ399001,深证成指,10310.7238,10306.9235,10323.0689,10257.316,5866043217
281,SZ300461,田中精机,20161223,67.09,64.59,68.43,64.5,1053605,SZ399001,深证成指,10304.6352,10199.8607,10311.3891,10196.7209,6329410186
282,SZ300461,田中精机,20161226,64.6,65.03,65.6,62,811371,SZ399001,深证成指,10163.5073,10233.419,10233.419,10062.3735,6139572624
283,SZ300461,田中精机,20161227,65.03,66.14,66.57,65.03,847528,SZ399001,深证成指,10229.9067,10230.5708,10270.976,10221.6655,5258617197
284,SZ300461,田中精机,20161228,65.81,65.11,67.32,65,701550,SZ399001,深证成指,10229.0116,10187.1595,10246.7735,10169.7983,5195015763
285,SZ300461,田中精机,20161229,65,62.08,65.28,62,1006261,SZ399001,深证成指,10177.025,10159.4472,10222.5228,10151.2777,4934895589
286,SZ300461,田中精机,20161230,63.2,63.83,65,61.78,895285,SZ399001,深证成指,10175.4971,10177.1379,10204.0899,10145.1116,5043532455
287,SZ300461,田中精机,20170103,63.82,65.64,65.99,63.82,750146,SZ399001,深证成指,10205.1406,10262.8465,10275.1324,10205.1406,6219354120
288,SZ300461,田中精机,20170104,65.5,66.97,67.79,64.82,926993,SZ399001,深证成指,10264.4292,10384.8671,10384.8671,10255.7518,7229629133
289,SZ300461,田中精机,20170105,67,65.04,68.79,65,606521,SZ399001,深证成指,10382.5959,10371.4707,10396.9047,10365.4425,6809498076
290,SZ300461,田中精机,20170106,64.61,63.21,66,63,740455,SZ399001,深证成指,10362.8524,10289.3616,10363.1218,10286.5208,6185702391
291,SZ300461,田中精机,20170109,63,63.88,64.14,62.63,421844,SZ399001,深证成指,10281.3073,10331.7924,10337.7042,10258.3661,6193373538
292,SZ300461,田中精机,20170110,63.88,64.98,65,61.83,786825,SZ399001,深证成指,10327.0072,10306.3367,10357.1431,10301.6855,6460749332
293,SZ300461,田中精机,20170111,64.88,63.87,65.38,63.73,840731,SZ399001,深证成指,10294.2996,10215.4763,10331.3728,10213.8632,6199439144
294,SZ300461,田中精机,20170112,63.43,65.4,65.4,63.1,726205,SZ399001,深证成指,10207.4279,10131.2306,10236.0924,10127.4152,6241823884
295,SZ300461,田中精机,20170113,65.2,63.57,66.7,63.35,1129675,SZ399001,深证成指,10135.677,10008.3007,10155.2202,9997.4035,5978862319
296,SZ300461,田中精机,20170116,62.37,59.92,62.37,57.22,1220146,SZ399001,深证成指,9993.5643,9712.7956,9993.5643,9482.8382,8269938372
297,SZ300461,田中精机,20170117,59.6,59.87,59.93,54.58,1200929,SZ399001,深证成指,9684.5268,9826.7882,9827.9137,9611.1891,5769836863
298,SZ300461,田中精机,20170118,58.15,57.95,59.97,57.45,871165,SZ399001,深证成指,9801.0819,9804.7583,9858.7882,9774.7551,4639301832
299,SZ300461,田中精机,20170119,58,53.88,58.47,53.42,827729,SZ399001,深证成指,9781.6434,9768.5742,9821.2217,9746.2998,4548405557
300,SZ300461,田中精机,20170120,54.88,54.34,55.4,53.43,781994,SZ399001,深证成指,9763.0372,9906.1397,9925.1693,9762.7827,5289598345
301,SZ300461,田中精机,20170123,54.7,57.74,58.96,54.68,1567883,SZ399001,深证成指,9919.4082,9976.1911,10010.0807,9919.4082,5681812197
302,SZ300461,田中精机,20170124,57.5,57,59.18,56.9,1196380,SZ399001,深证成指,9972.6115,9941.5474,9978.2683,9928.0783,5107676724
303,SZ300461,田中精机,20170125,56.21,57.21,59.1,55.3,947806,SZ399001,深证成指,9931.6229,9977.9628,9991.5033,9922.4873,4329354530
304,SZ300461,田中精机,20170126,56.1,58.6,61.58,56.1,1436490,SZ399001,深证成指,9989.8516,10052.0496,10053.3574,9989.3545,4516959179
305,SZ300461,田中精机,20170203,59.38,64.46,64.46,59.38,1662226,SZ399001,深证成指,10061.292,10004.8444,10066.702,9985.3031,4514421667
306,SZ300461,田中精机,20170206,66,68.62,70.91,64.51,4616455,SZ399001,深证成指,10004.2206,10078.7336,10080.5836,9984.6443,5186215567
307,SZ300461,田中精机,20170207,69.1,66.85,69.43,66.3,2107982,SZ399001,深证成指,10072.5074,10055.5657,10093.6719,10011.7732,5347056747
308,SZ300461,田中精机,20170208,67.25,66.61,68,66.03,1538627,SZ399001,深证成指,10043.6078,10130.1213,10130.1213,10003.9146,5752216856
309,SZ300461,田中精机,20170209,66.61,66.06,67.17,65.36,1334751,SZ399001,深证成指,10124.4466,10182.7281,10194.4175,10116.4532,6897940805
310,SZ300461,田中精机,20170210,66.2,65.1,66.74,64.62,1303828,SZ399001,深证成指,10184.5673,10186.3764,10212.4834,10155.3619,7560200629
311,SZ300461,田中精机,20170213,65.97,71.61,71.61,65.97,3064897,SZ399001,深证成指,10188.7085,10270.8252,10279.12,10187.094,7799498371
312,SZ300461,田中精机,20170214,71.61,74,77.44,69.3,2910906,SZ399001,深证成指,10273.0899,10264.9178,10286.368,10234.3744,6510333948
313,SZ300461,田中精机,20170215,75.47,76.77,80,75.07,2606185,SZ399001,深证成指,10259.9499,10177.2524,10294.7678,10160.1095,7893151388
314,SZ300461,田中精机,20170216,77,75.6,78.5,73.5,1844465,SZ399001,深证成指,10175.122,10253.9566,10253.9566,10163.2377,6928612793
315,SZ300461,田中精机,20170217,75.6,72.25,77.87,71.9,2489012,SZ399001,深证成指,10261.0949,10197.9179,10296.144,10183.3746,7493555862
316,SZ300461,田中精机,20170220,73.08,70,74.5,66.66,2151380,SZ399001,深证成指,10203.0205,10328.9975,10334.5908,10203.0205,7630297130
317,SZ300461,田中精机,20170221,71.3,71.3,71.93,69.85,1541641,SZ399001,深证成指,10338.866,10405.7459,10407.1371,10330.2848,8197141717
318,SZ300461,田中精机,20170222,71.4,71.8,72,69,1152866,SZ399001,深证成指,10403.9166,10444.3769,10444.3769,10385.0976,8097064071
319,SZ300461,田中精机,20170223,71.68,70.89,71.69,69.41,1030156,SZ399001,深证成指,10439.8335,10432.6392,10454.1557,10379.0539,8665201836
320,SZ300461,田中精机,20170224,70.98,69.08,71.3,69.03,1321749,SZ399001,深证成指,10423.6423,10443.7297,10446.5034,10396.7454,7656753955
321,SZ300461,田中精机,20170227,69.5,67.07,70.01,66.53,1199405,SZ399001,深证成指,10443.2973,10353.5545,10447.678,10345.4694,7407782785
322,SZ300461,田中精机,20170228,67.07,68.62,69.38,66.4,1143873,SZ399001,深证成指,10354.8703,10391.3442,10402.275,10340.0878,6435729090
323,SZ300461,田中精机,20170301,69,67.03,69,67,923725,SZ399001,深证成指,10387.6308,10418.6218,10446.3823,10378.1223,7507143678
324,SZ300461,田中精机,20170302,67.1,66.65,67.7,65.98,1053403,SZ399001,深证成指,10429.9826,10367.3063,10443.8676,10361.9977,7221563439
325,SZ300461,田中精机,20170303,66.29,67.3,67.42,64.7,847204,SZ399001,深证成指,10339.8913,10397.0474,10404.87,10308.2167,6982571678
326,SZ300461,田中精机,20170306,67.1,72.56,73.98,66.5,1676602,SZ399001,深证成指,10406.2324,10522.2767,10522.2767,10406.2324,7825021365
327,SZ300461,田中精机,20170307,72.29,70.85,72.3,70.51,963155,SZ399001,深证成指,10527.8283,10552.1443,10552.1443,10495.5047,7563996426
328,SZ300461,田中精机,20170308,70.95,70.11,71.54,69.29,758286,SZ399001,深证成指,10549.9935,10498.3127,10549.9935,10473.8815,6377181670
329,SZ300461,田中精机,20170309,70.01,71.92,73.22,69.18,1163303,SZ399001,深证成指,10484.2783,10421.0578,10484.6801,10402.364,6740682720
330,SZ300461,田中精机,20170310,71.83,72.83,75.27,71.09,1357519,SZ399001,深证成指,10415.3785,10451.0081,10476.5885,10415.3785,6153823973
331,SZ300461,田中精机,20170313,72.01,75.42,76.5,71,1468823,SZ399001,深证成指,10450.6484,10559.8834,10559.8834,10402.7214,7642216739
332,SZ300461,田中精机,20170314,74.8,74.6,75.88,74.27,757066,SZ399001,深证成指,10561.5014,10531.7286,10577.484,10515.5167,7203983138
333,SZ300461,田中精机,20170315,74.27,74.6,76.68,74.09,949484,SZ399001,深证成指,10515.5927,10543.0096,10551.7111,10499.851,6960189447
334,SZ300461,田中精机,20170316,74.78,76.5,76.5,73.6,1158762,SZ399001,深证成指,10573.7721,10624.421,10628.1841,10573.7721,8585585614
335,SZ300461,田中精机,20170317,76.33,78,78.82,76,1146849,SZ399001,深证成指,10632.0454,10515.4141,10650.4554,10514.6737,8788418520
336,SZ300461,田中精机,20170320,78.01,78.5,78.6,76.2,632594,SZ399001,深证成指,10512.8876,10532.3313,10534.1142,10459.7359,6983883467
337,SZ300461,田中精机,20170321,78.54,75.79,79.4,75.01,973415,SZ399001,深证成指,10527.4078,10586.6214,10586.6214,10513.6335,6673337996
338,SZ300461,田中精机,20170322,75.79,73.85,76.25,72.2,881696,SZ399001,深证成指,10535.665,10553.5265,10586.4841,10488.6336,7884947996
339,SZ300461,田中精机,20170323,73.71,71.72,74.33,71.61,824500,SZ399001,深证成指,10558.3434,10583.0432,10607.7338,10477.5665,7655112492
340,SZ300461,田中精机,20170324,72.2,72.48,73.73,72,492433,SZ399001,深证成指,10584.0864,10646.7236,10666.119,10580.109,8343201369
341,SZ300461,田中精机,20170327,72.4,72.78,73.25,69.69,809021,SZ399001,深证成指,10643.4515,10581.9185,10660.2267,10578.7456,7467530395
342,SZ300461,田中精机,20170328,72.78,70.07,72.78,70.07,1018147,SZ399001,深证成指,10580.163,10563.2852,10606.0873,10538.0232,6542579660
343,SZ300461,田中精机,20170329,69.92,69.87,71.6,67.51,941761,SZ399001,深证成指,10573.1195,10520.8168,10585.882,10497.0124,7810627830
344,SZ300461,田中精机,20170330,69.98,67.91,70.39,67.76,596105,SZ399001,深证成指,10505.3916,10348.2707,10513.885,10328.9503,8502418936
345,SZ300461,田中精机,20170331,68.55,68.1,68.55,67.28,345729,SZ399001,深证成指,10351.3306,10428.7228,10428.7228,10351.3306,6368345154
346,SZ300461,田中精机,20170405,68.34,71.77,72.69,67.36,811991,SZ399001,深证成指,10496.7798,10627.1335,10628.6035,10496.7798,9591516529
347,SZ300461,田中精机,20170406,71.77,71.1,72.83,71.03,842802,SZ399001,深证成指,10649.8361,10656.1744,10661.7671,10608.1304,8832405484
348,SZ300461,田中精机,20170407,70.65,68.5,70.99,68.3,663464,SZ399001,深证成指,10652.4036,10669.4803,10702.8826,10635.0801,10448762398
349,SZ300461,田中精机,20170410,68.5,69.22,69.47,64.1,899475,SZ399001,深证成指,10663.8555,10603.2757,10664.0957,10593.7645,12319303961
350,SZ300461,田中精机,20170411,69.09,68.25,69.99,67.9,395888,SZ399001,深证成指,10600.9998,10655.7913,10662.5008,10476.6566,13701372023
351,SZ300461,田中精机,20170412,68.25,66.66,68.25,65.23,584934,SZ399001,深证成指,10643.4847,10587.3125,10667.5993,10584.6947,13919474494
352,SZ300461,田中精机,20170413,66.02,66.33,67.35,65.57,250445,SZ399001,深证成指,10578.5764,10654.0851,10678.784,10571.7004,10945020649
353,SZ300461,田中精机,20170414,66.83,64.72,66.83,63.32,538784,SZ399001,深证成指,10662.2551,10519.8562,10662.5325,10515.3736,11151482566
354,SZ300461,田中精机,20170417,64.03,63.1,64.03,61,390169,SZ399001,深证成指,10483.9575,10450.8625,10505.6332,10406.5159,8862403363
355,SZ300461,田中精机,20170418,63,62.4,63.94,62.38,248380,SZ399001,深证成指,10449.0075,10411.4385,10522.8514,10405.3492,8724787013
356,SZ300461,田中精机,20170419,64.45,62.4,64.45,60,382964,SZ399001,深证成指,10377.2776,10348.4068,10393.734,10234.9978,9245337424
357,SZ300461,田中精机,20170420,62.4,61.17,62.73,61.17,208087,SZ399001,深证成指,10346.9898,10359.0896,10411.7475,10306.3855,8455447756
358,SZ300461,田中精机,20170421,60.5,63.4,63.4,60.31,543225,SZ399001,深证成指,10357.8582,10314.3535,10407.7747,10300.3985,7102586745
359,SZ300461,田中精机,20170424,63.29,62.69,63.29,61.36,270973,SZ399001,深证成指,10285.0433,10091.8878,10285.0433,10060.1083,7609367699
360,SZ300461,田中精机,20170425,62,63.63,64.25,62,385464,SZ399001,深证成指,10106.9028,10165.2152,10213.4871,10104.5462,7470502541
361,SZ300461,田中精机,20170426,63.7,64.3,64.3,63.2,312497,SZ399001,深证成指,10162.7155,10204.8425,10251.7023,10161.4179,8443442097
362,SZ300461,田中精机,20170427,64.28,66.97,66.97,64.2,945087,SZ399001,深证成指,10174.2493,10229.1944,10244.0837,10015.8893,9632358295
363,SZ300461,田中精机,20170428,66.64,66.52,68,66.21,363954,SZ399001,深证成指,10208.133,10234.6527,10235.2278,10176.082,8097022739
364,SZ300461,田中精机,20170502,66,66,67.69,65.33,331700,SZ399001,深证成指,10205.6552,10223.9695,10228.7036,10166.3907,7733164788
365,SZ300461,田中精机,20170503,66,65.99,66.45,63.1,552360,SZ399001,深证成指,10208.5991,10184.1362,10244.3525,10146.2599,7605037146
366,SZ300461,田中精机,20170504,65.01,66.75,67,64.43,728725,SZ399001,深证成指,10164.8076,10147.4401,10241.5454,10116.0109,7975241598
367,SZ300461,田中精机,20170505,65.76,66.1,66.79,64.5,490448,SZ399001,深证成指,10119.5384,10024.4358,10132.9158,10024.4358,7751781440
368,SZ300461,田中精机,20170508,66,65.41,66.4,64.9,262922,SZ399001,深证成指,10000.9535,9833.167,10018.5708,9833.167,8231777761
369,SZ300461,田中精机,20170509,64.83,64.3,65.39,61.5,721776,SZ399001,深证成指,9794.814,9885.3443,9887.153,9736.1376,6447767750
370,SZ300461,田中精机,20170926,70.68,59.37,70.68,57.86,1878693,SZ399001,深证成指,10915.655,10950.769,10951.1416,10890.9183,8653640511
371,SZ300461,田中精机,20170927,56.5,61.5,61.94,56.5,1502542,SZ399001,深证成指,10951.9586,11036.7804,11063.1329,10951.885,8941628869
372,SZ300461,田中精机,20170928,61.47,66.31,67.65,61.45,2233027,SZ399001,深证成指,11029.4743,11031.4214,11072.562,11015.4814,9733874336
373,SZ300461,田中精机,20170929,65.95,65.64,68.32,65.2,1757316,SZ399001,深证成指,11042.7181,11087.1865,11121.4396,11042.7181,9860810046
374,SZ300461,田中精机,20171009,66.41,70.7,70.7,65,1509894,SZ399001,深证成指,11248.3519,11264.2732,11305.4611,11214.9002,12270713747
375,SZ300461,田中精机,20171010,68.89,70.32,72.98,68.89,775878,SZ399001,深证成指,11260.7719,11329.5134,11329.5134,11229.0219,11143360350
376,SZ300461,田中精机,20171011,70.35,72.8,73.8,70.32,1149469,SZ399001,深证成指,11319.4608,11312.4958,11344.5892,11285.9159,11263557912
377,SZ300461,田中精机,20171012,72.6,74.27,75.54,72.44,1036679,SZ399001,深证成指,11309.3604,11307.3248,11337.1242,11240.6567,9543122910
378,SZ300461,田中精机,20171013,74.49,71.98,74.5,71.09,1479410,SZ399001,深证成指,11312.2685,11399.0941,11400.054,11308.0371,9679124571
379,SZ300461,田中精机,20171016,74.44,73,75,71,897300,SZ399001,深证成指,11401.8673,11271.1992,11422.935,11267.27,12424564982
380,SZ300461,田中精机,20171017,72,70.77,73.53,70.12,653482,SZ399001,深证成指,11254.4105,11275.3409,11318.0042,11214.8224,8237830022
381,SZ300461,田中精机,20171018,70.97,72.53,75.08,70.8,712549,SZ399001,深证成指,11277.5399,11282.7468,11323.2573,11240.6321,9304480019
382,SZ300461,田中精机,20171019,72.58,71.7,73.52,71.23,494499,SZ399001,深证成指,11275.3125,11189.5525,11290.7236,11179.1858,9601003074
383,SZ300461,田中精机,20171020,71.7,77.45,78.8,71.7,1235446,SZ399001,深证成指,11154.932,11238.8771,11238.8771,11140.3361,7219536893
384,SZ300461,田中精机,20171023,76.78,83.95,85.1,76.78,1694854,SZ399001,深证成指,11239.6943,11306.3074,11306.3074,11228.6801,7891042158
385,SZ300461,田中精机,20171024,84.09,83,84.98,80.43,1173452,SZ399001,深证成指,11289.0152,11339.1268,11339.1268,11260.6789,7995326277
386,SZ300461,田中精机,20171025,83.05,81.97,85.55,81.06,1528893,SZ399001,深证成指,11330.7515,11437.2089,11437.2089,11324.1686,8715593473
387,SZ300461,田中精机,20171026,82.74,81.99,83.49,80,1464563,SZ399001,深证成指,11430.0014,11461.2847,11509.024,11413.9315,10067808270
388,SZ300461,田中精机,20171027,81.58,80.18,83.38,80.09,972152,SZ399001,深证成指,11456.566,11444.5241,11484.9068,11415.3666,9570489526
389,SZ300461,田中精机,20171030,79.65,79.8,81.36,77,982481,SZ399001,深证成指,11446.7948,11312.607,11472.2795,11192.1762,12473017657
390,SZ300461,田中精机,20171031,79.4,81.28,81.6,78.33,565047,SZ399001,深证成指,11293.3408,11367.6192,11368.1866,11274.166,8498221282
391,SZ300461,田中精机,20171101,80.8,83.35,84,79.81,777459,SZ399001,深证成指,11370.5211,11350.3205,11424.4831,11341.0735,8744491016
392,SZ300461,田中精机,20171102,82.8,80.3,83.48,80.3,612679,SZ399001,深证成指,11336.4766,11292.4219,11337.0106,11251.8147,10056338628
393,SZ300461,田中精机,20171103,79.8,78.7,81.67,77.65,384006,SZ399001,深证成指,11287.5486,11215.1941,11334.6815,11165.0615,10218123849
394,SZ300461,田中精机,20171106,79.71,80,80.48,78,501288,SZ399001,深证成指,11218.0403,11373.7359,11373.7359,11181.2882,10361304291
395,SZ300461,田中精机,20171107,80,78.5,80,72,1732065,SZ399001,深证成指,11374.0921,11467.9687,11467.9687,11370.9919,11188937050
396,SZ300461,田中精机,20171108,76.91,78.49,80,75.21,730761,SZ399001,深证成指,11460.1482,11447.4005,11563.8154,11441.799,12050190859
397,SZ300461,田中精机,20171109,77.7,77,80.4,76.63,590600,SZ399001,深证成指,11443.5386,11553.2395,11553.2395,11414.2003,10360933287
398,SZ300461,田中精机,20171110,76.79,73.45,76.79,73.45,1246100,SZ399001,深证成指,11540.5482,11645.0469,11659.6547,11531.5892,11382359681
399,SZ300461,田中精机,20171113,73.83,74.1,75.33,72.33,869985,SZ399001,深证成指,11657.6324,11694.9964,11714.9798,11631.1896,11998941627
400,SZ300461,田中精机,20171114,74.1,73.8,74.74,73.15,514543,SZ399001,深证成指,11689.9354,11582.9247,11700.7273,11538.3389,12264579673
401,SZ300461,田中精机,20171115,73,75.6,76.7,72.01,616989,SZ399001,深证成指,11547.9991,11462.11,11583.9726,11390.2971,9976940767
402,SZ300461,田中精机,20171116,76.98,76.5,76.98,75.11,473969,SZ399001,深证成指,11442.8523,11537.9562,11549.0778,11415.755,10333060625
403,SZ300461,田中精机,20171117,75.56,72.81,76.61,72.69,464748,SZ399001,深证成指,11519.9206,11292.9338,11555.8719,11292.9338,12948918860
404,SZ300461,田中精机,20171120,72.83,74.31,75.02,69.38,499794,SZ399001,深证成指,11229.5846,11437.5458,11437.5458,11087.5263,10492141729
405,SZ300461,田中精机,20171121,73.99,74.38,75.8,73.72,375000,SZ399001,深证成指,11419.0888,11602.0998,11602.0998,11407.396,12278269827
406,SZ300461,田中精机,20171122,75.5,75.69,76.73,75,461418,SZ399001,深证成指,11598.0391,11560.7971,11666.1304,11454.2624,11900134822
407,SZ300461,田中精机,20171123,75.82,73.25,75.82,72.56,296107,SZ399001,深证成指,11520.0407,11175.4702,11520.0407,11162.5337,11730004877
408,SZ300461,田中精机,20171124,72.07,72.9,73.85,72.07,145973,SZ399001,深证成指,11135.0693,11168.393,11225.2003,11058.9916,9368932526
409,SZ300461,田中精机,20171127,73.51,72.87,74.38,72.75,215600,SZ399001,深证成指,11126.7843,10954.1806,11126.7843,10936.1437,10078995249
410,SZ300461,田中精机,20171128,72.63,73.01,73.79,72,202375,SZ399001,深证成指,10938.3972,11091.1366,11091.1366,10936.3994,8421408288
411,SZ300461,田中精机,20171129,73.05,71.67,73.83,71.17,181700,SZ399001,深证成指,11095.9076,11082.1318,11108.4497,10936.9893,9812892290
412,SZ300461,田中精机,20171130,71.66,68.95,72,68.11,548487,SZ399001,深证成指,11036.7519,10944.0985,11079.9305,10908.7021,8168559062
413,SZ300461,田中精机,20171201,68.94,69.1,69.5,68,179300,SZ399001,深证成指,10941.8695,11013.1535,11077.4341,10926.772,8170576449
414,SZ300461,田中精机,20171204,69.09,69.8,70.69,69.06,260775,SZ399001,深证成指,11007.1922,11014.5486,11099.8339,10993.5138,8793814926
415,SZ300461,田中精机,20171205,69.05,66.78,70.68,65.94,336000,SZ399001,深证成指,10988.0692,10854.7551,11044.1766,10801.4036,9703666427
416,SZ300461,田中精机,20171206,66.36,66.76,67.9,65.51,186573,SZ399001,深证成指,10838.0427,10911.3293,10911.3293,10716.2891,8913302127
417,SZ300461,田中精机,20171207,66.76,66.01,66.95,66.01,110792,SZ399001,深证成指,10886.259,10801.2531,10925.2024,10795.8404,7323516032
418,SZ300461,田中精机,20171208,66.89,67.2,67.2,66.1,143473,SZ399001,深证成指,10789.1744,10935.0573,10964.7902,10789.1744,7986843588
419,SZ300461,田中精机,20171211,67.15,67.5,67.5,66.52,139500,SZ399001,深证成指,10962.1772,11143.2609,11143.2609,10962.1772,8958021160
420,SZ300461,田中精机,20171212,67.85,67.68,67.86,66.01,349000,SZ399001,深证成指,11145.7527,11043.2121,11176.5772,11043.2121,8254757087
421,SZ300461,田中精机,20171213,67.35,65.16,67.35,64.01,406200,SZ399001,深证成指,11030.0152,11143.8888,11143.8888,11019.5939,7344833397
422,SZ300461,田中精机,20171214,64.7,63.3,65.17,62.91,249200,SZ399001,深证成指,11138.4623,11110.1776,11165.6094,11070.98,7992656169
423,SZ300461,田中精机,20171215,63.33,61.35,63.33,60.01,329700,SZ399001,深证成指,11092.1542,10998.1171,11104.8163,10970.7285,8756585452
424,SZ300461,田中精机,20171218,61.35,61.2,61.98,60.23,291599,SZ399001,深证成指,10991.1137,10960.1156,11046.0981,10916.1883,7195290035
425,SZ300461,田中精机,20171219,61.33,61.7,62.28,60.6,189500,SZ399001,深证成指,10964.1437,11074.9946,11077.1844,10963.7947,7115960470
426,SZ300461,田中精机,20171220,61.4,58,62.17,55.7,351920,SZ399001,深证成指,11072.405,11003.3333,11079.1272,10988.8945,7426426175
427,SZ300461,田中精机,20171221,58.12,59.85,59.89,56.1,425514,SZ399001,深证成指,10988.7656,11118.2466,11149.037,10935.2239,8510490814
428,SZ300461,田中精机,20171222,61,59.09,61.29,59.01,212449,SZ399001,深证成指,11112.732,11094.1551,11154.7465,11078.2609,6926971478
429,SZ300461,田中精机,20171225,59.91,58,59.91,57.31,150600,SZ399001,深证成指,11102.1611,11005.5029,11132.5916,10967.3705,8174256941
430,SZ300461,田中精机,20171226,58.18,58.67,58.8,57.19,197700,SZ399001,深证成指,11002.3356,11021.8312,11025.1043,10900.6361,7580282610
431,SZ300461,田中精机,20171227,58.8,57.5,59.5,57.29,173600,SZ399001,深证成指,11007.4423,10911.2116,11026.7291,10911.2116,8688320697
432,SZ300461,田中精机,20171228,57,57,57.49,56,290320,SZ399001,深证成指,10907.8334,10974.007,11029.0851,10891.7547,8965050653
433,SZ300461,田中精机,20171229,57.19,57.68,58.88,56.72,248220,SZ399001,深证成指,10984.86,11040.45,11040.6211,10971.6376,7618281841
434,SZ300461,田中精机,20180102,57.9,58.09,58.5,57.28,263320,SZ399001,深证成指,11079.6412,11178.0516,11178.0516,11072.868,9793974604
435,SZ300461,田中精机,20180103,58.08,62.37,63.33,57.64,600000,SZ399001,深证成指,11181.1839,11280.2962,11316.4601,11171.1183,11548703250
436,SZ300461,田中精机,20180104,61.73,61.3,63.62,61.1,434500,SZ399001,深证成指,11270.9137,11341.3455,11341.3455,11259.4582,9922640278
437,SZ300461,田中精机,20180105,60.5,62.35,62.98,60.5,519584,SZ399001,深证成指,11339.5692,11342.8477,11372.286,11310.2883,10770028720
438,SZ300461,田中精机,20180108,62.49,61.5,62.49,61,215720,SZ399001,深证成指,11343.8211,11382.7165,11386.0381,11287.6038,12276753714
439,SZ300461,田中精机,20180109,61.1,61.58,61.88,60.67,134700,SZ399001,深证成指,11371.9282,11447.0911,11449.5977,11358.1283,10794406396
440,SZ300461,田中精机,20180110,61.36,61.23,62.6,60.81,217500,SZ399001,深证成指,11439.22,11437.0839,11446.4144,11345.096,11376678709
441,SZ300461,田中精机,20180111,61,59.8,61.23,59.22,305540,SZ399001,深证成指,11411.5839,11464.196,11482.8122,11372.3608,10651526477
442,SZ300461,田中精机,20180112,59.5,60.3,60.64,59.5,190040,SZ399001,深证成指,11459.4576,11461.9914,11496.5313,11420.2636,10223045532
443,SZ300461,田中精机,20180115,59.84,60.2,60.66,58.33,267300,SZ399001,深证成指,11453.3318,11307.4599,11476.5774,11277.3076,13322457734
444,SZ300461,田中精机,20180116,60.7,57.28,60.98,56.22,298700,SZ399001,深证成指,11283.6041,11386.9104,11402.456,11283.2864,11703058712
445,SZ300461,田中精机,20180117,57.28,56.5,58.5,54.5,369240,SZ399001,深证成指,11366.5994,11303.9665,11367.1568,11185.9212,13319300474
446,SZ300461,田中精机,20180118,55.35,56.48,56.65,54.8,313300,SZ399001,深证成指,11287.6392,11319.9053,11375.1113,11279.423,8956302293
447,SZ300461,田中精机,20180119,57,62.13,62.13,56.03,807540,SZ399001,深证成指,11314.457,11296.2734,11393.0444,11276.5663,11200760190
448,SZ300461,田中精机,20180122,63.65,64.53,68,62.99,780015,SZ399001,深证成指,11289.8579,11513.0809,11513.0809,11273.6896,10775615662
449,SZ300461,田中精机,20180123,64.46,65.26,67.96,64.46,591320,SZ399001,深证成指,11514.562,11555.2547,11564.952,11493.7392,10158319521
450,SZ300461,田中精机,20180124,66.5,66.15,67.5,62.5,897600,SZ399001,深证成指,11548.207,11607.5689,11613.955,11456.261,12784332890
451,SZ300461,田中精机,20180125,66.15,62.75,67.43,62.5,714100,SZ399001,深证成指,11588.3766,11552.5616,11633.4576,11548.6785,12389611143
452,SZ300461,田中精机,20180126,62.15,64.34,67.45,62.15,561300,SZ399001,深证成指,11524.7017,11557.8156,11605.1277,11512.9397,10084304580
453,SZ300461,田中精机,20180129,63.63,63.06,66.2,62.93,396500,SZ399001,深证成指,11547.6843,11352.7155,11556.6482,11323.687,12243611415
454,SZ300461,田中精机,20180130,64.8,63.4,64.8,62.46,260469,SZ399001,深证成指,11319.9747,11278.7808,11370.0026,11260.3125,9384602002
455,SZ300461,田中精机,20180131,62.15,57.06,62.5,57.06,1102968,SZ399001,深证成指,11210.0642,11159.676,11244.1804,11119.3167,10715753561
456,SZ300461,田中精机,20180201,57.06,51.35,57.06,51.35,829500,SZ399001,深证成指,11145.41,10864.3418,11171.3574,10836.3511,12916857238
457,SZ300461,田中精机,20180202,46.22,48.43,51.99,46.22,1493023,SZ399001,深证成指,10794.127,10925.1608,10933.1549,10663.5424,10698956389
458,SZ300461,田中精机,20180205,48.1,47.05,48.8,46.21,877889,SZ399001,深证成指,10761.0831,10836.2519,10873.241,10741.8463,9111508712
459,SZ300461,田中精机,20180206,45.1,44.76,47,44.7,468878,SZ399001,深证成指,10603.535,10377.6098,10685.1586,10377.6098,11786371076
460,SZ300461,田中精机,20180207,45.5,45.2,47.69,44.76,461385,SZ399001,深证成指,10563.3133,10246.9738,10599.5363,10173.6626,11273022855
461,SZ300461,田中精机,20180208,46,45.81,46.8,44.65,359481,SZ399001,深证成指,10219.3897,10372.5877,10411.2028,10219.2144,8617579789
462,SZ300461,田中精机,20180209,44.77,43.99,45.98,42.89,501924,SZ399001,深证成指,10096.465,10001.2272,10172.7755,9868.8337,11353444459
463,SZ300461,田中精机,20180212,44.5,44.87,45.1,44.5,430917,SZ399001,深证成指,10059.8576,10291.882,10325.6836,10059.8576,8102781332
464,SZ300461,田中精机,20180213,45.26,44.08,45.82,44,295657,SZ399001,深证成指,10367.6821,10362.4319,10486.8101,10350.174,7723292722
465,SZ300461,田中精机,20180214,44.85,42.38,44.85,41,357085,SZ399001,深证成指,10381.1584,10431.9136,10433.0922,10319.1469,5341472193
466,SZ300461,田中精机,20180222,42.71,44.17,44.29,42.71,272746,SZ399001,深证成指,10547.8067,10658.9367,10667.7996,10526.9834,7839374335
467,SZ300461,田中精机,20180223,44.26,44.63,45.4,44.26,341381,SZ399001,深证成指,10667.812,10662.7915,10700.1098,10578.7873,7588577547
468,SZ300461,田中精机,20180226,44.74,48.5,48.63,44.74,685309,SZ399001,深证成指,10731.3128,10895.5619,10920.2101,10670.1673,11184104981
469,SZ300461,田中精机,20180227,47.07,51.94,53.35,47.03,969268,SZ399001,深证成指,10898.2887,10807.5346,10915.3642,10791.9537,10396870997
470,SZ300461,田中精机,20180228,51.88,49.93,51.88,48.85,905498,SZ399001,深证成指,10705.8128,10828.7302,10875.7066,10656.3578,10088464651
471,SZ300461,田中精机,20180301,49.5,50.1,50.67,48.91,547500,SZ399001,深证成指,10754.6192,10943.1309,10943.1309,10732.926,9784812321
472,SZ300461,田中精机,20180302,50,48.08,50.3,47.5,941608,SZ399001,深证成指,10857.8706,10856.2464,10947.3861,10840.0083,9156592386
