2001/12/06,09:35,13.30,13.70,13.30,13.65,465798.81,626927104.00
2001/12/06,09:40,13.65,13.90,13.55,13.85,151195.38,206872960.00
2001/12/06,09:45,13.90,14.05,13.83,13.83,77420.00,107954688.00
2001/12/06,09:50,13.81,13.88,13.76,13.85,61555.38,84963456.00
2001/12/06,09:55,13.88,13.95,13.88,13.89,43873.56,61006080.00
2001/12/06,10:00,13.88,13.88,13.78,13.80,37072.75,51260672.00
2001/12/06,10:05,13.81,13.83,13.80,13.82,22591.25,31203968.00
2001/12/06,10:10,13.79,13.80,13.71,13.72,24032.19,33035008.00
2001/12/06,10:15,13.70,13.70,13.63,13.65,30191.38,41249920.00
2001/12/06,10:20,13.67,13.80,13.67,13.76,26149.50,35988352.00
2001/12/06,10:25,13.75,13.75,13.67,13.69,10493.19,14373248.00
2001/12/06,10:30,13.68,13.78,13.68,13.78,19866.25,27304192.00
2001/12/06,10:35,13.78,13.83,13.77,13.82,15468.31,21349504.00
2001/12/06,10:40,13.82,13.83,13.78,13.79,10602.69,14649600.00
2001/12/06,10:45,13.78,13.79,13.76,13.78,11014.00,15176576.00
2001/12/06,10:50,13.79,13.90,13.79,13.90,22126.94,30661248.00
2001/12/06,10:55,13.90,13.90,13.80,13.80,6004.06,8321024.00
2001/12/06,11:00,13.82,13.82,13.80,13.82,5894.94,8143488.00
2001/12/06,11:05,13.82,13.82,13.79,13.79,7713.81,10649472.00
2001/12/06,11:10,13.79,13.80,13.74,13.74,5660.00,7792640.00
2001/12/06,11:15,13.72,13.75,13.71,13.72,4522.75,6205056.00
2001/12/06,11:20,13.73,13.75,13.73,13.75,4140.00,5691008.00
2001/12/06,11:25,13.74,13.74,13.72,13.73,4608.00,6330240.00
2001/12/06,11:30,13.72,13.74,13.71,13.71,5076.00,6965376.00
2001/12/06,13:05,13.72,13.73,13.70,13.70,6942.00,9520256.00
2001/12/06,13:10,13.71,13.73,13.70,13.72,5390.00,7394432.00
2001/12/06,13:15,13.71,13.72,13.69,13.69,7285.25,9985024.00
2001/12/06,13:20,13.70,13.70,13.65,13.65,8493.00,11608832.00
2001/12/06,13:25,13.65,13.65,13.62,13.65,9002.63,12269568.00
2001/12/06,13:30,13.62,13.64,13.62,13.63,4376.00,5965056.00
2001/12/06,13:35,13.63,13.64,13.62,13.64,5064.00,6899968.00
2001/12/06,13:40,13.64,13.66,13.63,13.64,4845.50,6612224.00
2001/12/06,13:45,13.66,13.66,13.64,13.65,4871.00,6645248.00
2001/12/06,13:50,13.64,13.65,13.62,13.63,4991.00,6802304.00
2001/12/06,13:55,13.61,13.64,13.61,13.63,5312.00,7240832.00
2001/12/06,14:00,13.63,13.64,13.62,13.64,4429.13,6036864.00
2001/12/06,14:05,13.63,13.66,13.62,13.66,4541.50,6192384.00
2001/12/06,14:10,13.65,13.67,13.63,13.66,6477.50,8843776.00
2001/12/06,14:15,13.66,13.68,13.65,13.67,5414.00,7399424.00
2001/12/06,14:20,13.67,13.68,13.65,13.65,3265.00,4462080.00
2001/12/06,14:25,13.67,13.67,13.65,13.66,5670.00,7741824.00
2001/12/06,14:30,13.66,13.73,13.66,13.73,10128.50,13866112.00
2001/12/06,14:35,13.75,13.83,13.75,13.80,12026.50,16593280.00
2001/12/06,14:40,13.75,13.75,13.68,13.72,6259.00,8585472.00
2001/12/06,14:45,13.72,13.72,13.68,13.68,7468.50,10233728.00
2001/12/06,14:50,13.68,13.70,13.66,13.68,6114.50,8369024.00
2001/12/06,14:55,13.68,13.68,13.62,13.64,11501.38,15694464.00
2001/12/06,15:00,13.63,13.65,13.63,13.64,11442.00,15602176.00
2001/12/07,09:35,13.60,13.60,13.52,13.57,21758.69,29531426.00
2001/12/07,09:40,13.58,13.66,13.58,13.66,9259.87,12606982.00
2001/12/07,09:45,13.67,13.68,13.60,13.60,8940.90,12192144.00
2001/12/07,09:50,13.60,13.62,13.59,13.62,3892.25,5295272.00
2001/12/07,09:55,13.62,13.62,13.53,13.53,5159.97,7009156.00
2001/12/07,10:00,13.54,13.54,13.47,13.51,8093.00,10918316.00
2001/12/07,10:05,13.52,13.54,13.48,13.48,5543.08,7488040.00
2001/12/07,10:10,13.48,13.52,13.46,13.52,5152.50,6948368.00
2001/12/07,10:15,13.52,13.56,13.52,13.53,2255.94,3054368.00
2001/12/07,10:20,13.52,13.52,13.49,13.50,3602.06,4865288.00
2001/12/07,10:25,13.51,13.52,13.50,13.50,2345.50,3168192.00
2001/12/07,10:30,13.51,13.51,13.48,13.49,4290.04,5789808.00
2001/12/07,10:35,13.49,13.49,13.34,13.34,11313.00,15177120.00
2001/12/07,10:40,13.33,13.47,13.33,13.45,11621.47,15531168.00
2001/12/07,10:45,13.40,13.45,13.38,13.43,6513.18,8731776.00
2001/12/07,10:50,13.40,13.46,13.40,13.45,1967.86,2644976.00
2001/12/07,10:55,13.42,13.45,13.40,13.41,3620.00,4857776.00
2001/12/07,11:00,13.42,13.42,13.39,13.41,1729.96,2319664.00
2001/12/07,11:05,13.40,13.40,13.38,13.38,2895.03,3879488.00
2001/12/07,11:10,13.39,13.45,13.39,13.40,1355.49,1818608.00
2001/12/07,11:15,13.40,13.40,13.38,13.39,2713.00,3635936.00
2001/12/07,11:20,13.39,13.46,13.39,13.46,2043.00,2745360.00
2001/12/07,11:25,13.46,13.47,13.43,13.45,1420.50,1910096.00
2001/12/07,11:30,13.45,13.45,13.42,13.45,1484.00,1994176.00
2001/12/07,13:05,13.45,13.45,13.42,13.42,944.00,1268528.00
2001/12/07,13:10,13.42,13.43,13.41,13.42,866.00,1161808.00
2001/12/07,13:15,13.43,13.43,13.38,13.39,2820.49,3779088.00
2001/12/07,13:20,13.38,13.41,13.38,13.41,1285.33,1720720.00
2001/12/07,13:25,13.41,13.42,13.39,13.41,1224.59,1640976.00
2001/12/07,13:30,13.42,13.43,13.40,13.41,557.00,747088.00
2001/12/07,13:35,13.42,13.45,13.41,13.43,2274.00,3054544.00
2001/12/07,13:40,13.45,13.45,13.41,13.41,1369.50,1839520.00
2001/12/07,13:45,13.45,13.45,13.41,13.44,1130.00,1518400.00
2001/12/07,13:50,13.45,13.48,13.41,13.48,2064.00,2774000.00
2001/12/07,13:55,13.49,13.50,13.46,13.46,1917.00,2586512.00
2001/12/07,14:00,13.45,13.49,13.41,13.44,1806.00,2428528.00
2001/12/07,14:05,13.44,13.49,13.43,13.45,1246.00,1679008.00
2001/12/07,14:10,13.45,13.49,13.44,13.44,906.00,1219344.00
2001/12/07,14:15,13.44,13.46,13.43,13.43,1057.00,1420976.00
2001/12/07,14:20,13.43,13.45,13.35,13.35,7408.89,9912256.00
2001/12/07,14:25,13.35,13.38,13.35,13.37,5297.70,7076096.00
2001/12/07,14:30,13.37,13.40,13.36,13.39,1220.59,1633168.00
2001/12/07,14:35,13.40,13.40,13.34,13.35,4432.50,5920608.00
2001/12/07,14:40,13.35,13.38,13.35,13.38,2292.50,3063728.00
2001/12/07,14:45,13.36,13.37,13.36,13.36,1588.00,2121968.00
2001/12/07,14:50,13.36,13.38,13.35,13.37,3346.00,4471056.00
2001/12/07,14:55,13.37,13.38,13.28,13.28,10942.00,14587104.00
2001/12/07,15:00,13.27,13.27,13.08,13.11,25301.50,33203456.00
2001/12/10,09:35,13.02,13.07,13.00,13.07,6371.41,8296196.00
2001/12/10,09:40,13.07,13.16,13.07,13.16,1919.01,2514745.00
2001/12/10,09:45,13.16,13.17,13.14,13.15,3239.00,4261549.00
2001/12/10,09:50,13.15,13.15,13.07,13.08,3015.00,3952170.00
2001/12/10,09:55,13.06,13.07,12.98,12.98,4612.50,6008064.00
2001/12/10,10:00,12.95,12.96,12.88,12.92,7483.15,9656196.00
2001/12/10,10:05,12.95,12.97,12.92,12.95,2652.00,3433200.00
2001/12/10,10:10,12.93,12.94,12.92,12.94,3294.00,4257184.00
2001/12/10,10:15,12.94,12.94,12.80,12.80,9589.00,12336916.00
2001/12/10,10:20,12.78,12.83,12.78,12.80,5287.12,6766852.00
2001/12/10,10:25,12.80,12.87,12.80,12.87,4372.00,5612772.00
2001/12/10,10:30,12.88,12.91,12.85,12.91,3289.43,4240788.00
2001/12/10,10:35,12.92,12.92,12.86,12.86,2531.57,3263168.00
2001/12/10,10:40,12.86,12.91,12.85,12.91,2732.27,3518472.00
2001/12/10,10:45,12.93,13.00,12.93,12.99,3112.00,4036424.00
2001/12/10,10:50,12.99,13.09,12.98,13.09,11225.06,14601672.00
2001/12/10,10:55,13.09,13.09,13.02,13.03,2892.96,3776208.00
2001/12/10,11:00,13.03,13.04,13.02,13.02,718.51,935984.00
2001/12/10,11:05,13.02,13.06,13.01,13.05,719.63,938336.00
2001/12/10,11:10,13.06,13.13,13.06,13.11,1913.00,2503976.00
2001/12/10,11:15,13.11,13.12,13.05,13.05,1472.37,1926448.00
2001/12/10,11:20,13.05,13.05,13.02,13.02,553.00,720848.00
2001/12/10,11:25,13.03,13.07,13.02,13.03,725.00,945704.00
2001/12/10,11:30,13.04,13.07,13.04,13.06,362.00,472408.00
2001/12/10,13:05,13.07,13.07,13.04,13.06,525.00,685576.00
2001/12/10,13:10,13.06,13.06,13.03,13.03,536.00,698880.00
2001/12/10,13:15,13.02,13.03,13.00,13.02,549.00,714496.00
2001/12/10,13:20,13.03,13.05,13.01,13.03,696.00,906256.00
2001/12/10,13:25,13.03,13.07,13.03,13.07,363.00,473648.00
2001/12/10,13:30,13.06,13.09,13.05,13.09,532.91,696680.00
2001/12/10,13:35,13.09,13.09,13.05,13.05,711.98,930576.00
2001/12/10,13:40,13.05,13.06,13.02,13.02,724.11,944240.00
2001/12/10,13:45,13.02,13.05,13.01,13.05,515.71,672216.00
2001/12/10,13:50,13.05,13.06,13.03,13.05,418.00,545464.00
2001/12/10,13:55,13.06,13.08,13.05,13.08,682.00,891784.00
2001/12/10,14:00,13.08,13.15,13.08,13.15,2344.42,3075920.00
2001/12/10,14:05,13.15,13.20,13.15,13.18,3445.63,4540272.00
2001/12/10,14:10,13.20,13.20,13.13,13.13,1689.45,2224208.00
2001/12/10,14:15,13.14,13.19,13.12,13.19,1288.42,1693152.00
2001/12/10,14:20,13.18,13.25,13.18,13.24,1432.97,1893048.00
2001/12/10,14:25,13.25,13.25,13.20,13.21,1982.50,2623960.00
2001/12/10,14:30,13.22,13.26,13.20,13.26,886.02,1172288.00
2001/12/10,14:35,13.27,13.28,13.20,13.22,2072.59,2745952.00
2001/12/10,14:40,13.23,13.23,13.19,13.20,804.39,1062080.00
2001/12/10,14:45,13.23,13.23,13.20,13.22,819.80,1083024.00
2001/12/10,14:50,13.22,13.22,13.18,13.20,1662.20,2193648.00
2001/12/10,14:55,13.21,13.21,13.15,13.17,1110.00,1461120.00
2001/12/10,15:00,13.17,13.19,13.15,13.18,1668.00,2197376.00
2001/12/11,09:35,13.10,13.12,13.06,13.08,473.00,618666.00
2001/12/11,09:40,13.08,13.10,13.07,13.08,1065.95,1394610.00
2001/12/11,09:45,13.08,13.11,13.08,13.11,518.65,678861.00
2001/12/11,09:50,13.15,13.18,13.14,13.16,1788.00,2353337.00
2001/12/11,09:55,13.18,13.22,13.18,13.21,1431.23,1888946.00
2001/12/11,10:00,13.20,13.20,13.15,13.16,1270.77,1675612.00
2001/12/11,10:05,13.15,13.16,13.12,13.12,566.00,743961.00
2001/12/11,10:10,13.12,13.13,13.11,13.13,653.23,856925.00
2001/12/11,10:15,13.13,13.18,13.11,13.12,1259.00,1653445.00
2001/12/11,10:20,13.18,13.21,13.16,13.18,796.00,1049925.00
2001/12/11,10:25,13.16,13.24,13.16,13.24,1092.87,1442751.00
2001/12/11,10:30,13.25,13.28,13.24,13.25,2132.00,2829693.00
2001/12/11,10:35,13.23,13.26,13.21,13.24,717.00,949512.00
2001/12/11,10:40,13.21,13.23,13.18,13.18,649.00,857048.00
2001/12/11,10:45,13.19,13.21,13.18,13.20,218.91,288920.00
2001/12/11,10:50,13.20,13.23,13.20,13.21,519.00,685992.00
2001/12/11,10:55,13.22,13.22,13.21,13.22,480.00,634408.00
2001/12/11,11:00,13.22,13.24,13.21,13.24,636.00,840744.00
2001/12/11,11:05,13.23,13.27,13.22,13.27,1117.00,1479272.00
2001/12/11,11:10,13.27,13.27,13.23,13.24,780.00,1033632.00
2001/12/11,11:15,13.24,13.25,13.20,13.20,1076.00,1422068.00
2001/12/11,11:20,13.21,13.27,13.21,13.25,1431.00,1895592.00
2001/12/11,11:25,13.24,13.24,13.18,13.18,1697.00,2240008.00
2001/12/11,11:30,13.18,13.18,13.12,13.13,2217.09,2916516.00
2001/12/11,13:05,13.13,13.13,13.11,13.11,842.50,1105820.00
2001/12/11,13:10,13.12,13.14,13.12,13.12,441.00,578720.00
2001/12/11,13:15,13.15,13.15,13.12,13.13,849.00,1114544.00
2001/12/11,13:20,13.12,13.17,13.12,13.16,160.00,210308.00
2001/12/11,13:25,13.16,13.17,13.15,13.15,274.00,360576.00
2001/12/11,13:30,13.15,13.15,13.12,13.12,758.00,995540.00
2001/12/11,13:35,13.10,13.12,13.07,13.09,3086.00,4041528.00
2001/12/11,13:40,13.08,13.11,13.05,13.06,1491.00,1948532.00
2001/12/11,13:45,13.06,13.08,13.06,13.06,949.00,1240324.00
2001/12/11,13:50,13.06,13.06,13.00,13.04,4359.95,5672740.00
2001/12/11,13:55,13.02,13.09,13.02,13.09,339.00,442204.00
2001/12/11,14:00,13.09,13.09,13.04,13.05,611.00,797496.00
2001/12/11,14:05,13.03,13.08,13.03,13.05,506.70,660828.00
2001/12/11,14:10,13.05,13.10,13.05,13.08,921.38,1206192.00
2001/12/11,14:15,13.08,13.12,13.08,13.12,401.00,525184.00
2001/12/11,14:20,13.12,13.15,13.10,13.11,752.65,987816.00
2001/12/11,14:25,13.11,13.11,13.05,13.05,1050.98,1374068.00
2001/12/11,14:30,13.05,13.10,13.05,13.08,426.00,556764.00
2001/12/11,14:35,13.07,13.11,13.07,13.10,1182.12,1548184.00
2001/12/11,14:40,13.10,13.11,13.09,13.10,1087.88,1425848.00
2001/12/11,14:45,13.07,13.07,13.00,13.00,3964.27,5161740.00
2001/12/11,14:50,13.00,13.00,12.95,12.97,2122.77,2755928.00
2001/12/11,14:55,12.97,13.02,12.97,13.02,1804.00,2345568.00
2001/12/11,15:00,13.01,13.02,12.95,12.96,3576.70,4640712.00
2001/12/12,09:35,12.90,13.00,12.90,13.00,2125.80,2746416.00
2001/12/12,09:40,13.00,13.09,13.00,13.09,1023.80,1337514.00
2001/12/12,09:45,13.09,13.09,12.98,13.00,1294.81,1686922.00
2001/12/12,09:50,13.03,13.04,12.98,12.98,622.00,808995.00
2001/12/12,09:55,12.99,12.99,12.90,12.95,2041.20,2641364.00
2001/12/12,10:00,12.95,12.95,12.88,12.90,1968.00,2539388.00
2001/12/12,10:05,12.90,13.00,12.90,13.00,885.19,1146860.00
2001/12/12,10:10,13.00,13.15,13.00,13.15,1509.78,1974364.00
2001/12/12,10:15,13.12,13.17,13.12,13.14,2335.26,3071409.00
2001/12/12,10:20,13.11,13.25,13.11,13.18,3707.09,4880924.00
2001/12/12,10:25,13.25,13.36,13.25,13.36,10062.63,13395468.00
2001/12/12,10:30,13.37,13.37,13.28,13.30,3167.36,4216480.00
2001/12/12,10:35,13.31,13.51,13.31,13.51,11787.56,15817272.00
2001/12/12,10:40,13.50,13.50,13.40,13.45,7276.90,9802024.00
2001/12/12,10:45,13.47,13.49,13.41,13.42,5564.00,7492328.00
2001/12/12,10:50,13.40,13.40,13.33,13.38,1821.00,2433664.00
2001/12/12,10:55,13.40,13.49,13.40,13.41,4015.35,5400264.00
2001/12/12,11:00,13.41,13.44,13.39,13.43,3620.50,4855296.00
2001/12/12,11:05,13.43,13.43,13.40,13.43,1699.00,2278776.00
2001/12/12,11:10,13.42,13.67,13.42,13.60,21102.70,28638920.00
2001/12/12,11:15,13.60,13.65,13.53,13.63,11171.00,15187272.00
2001/12/12,11:20,13.64,13.64,13.55,13.56,3917.00,5324928.00
2001/12/12,11:25,13.56,13.60,13.56,13.57,4506.00,6120976.00
2001/12/12,11:30,13.57,13.57,13.46,13.50,4300.52,5809024.00
2001/12/12,13:05,13.50,13.52,13.50,13.52,1554.00,2098240.00
2001/12/12,13:10,13.51,13.53,13.49,13.49,1561.00,2107488.00
2001/12/12,13:15,13.48,13.50,13.47,13.47,1109.00,1495248.00
2001/12/12,13:20,13.48,13.48,13.46,13.46,881.00,1186672.00
2001/12/12,13:25,13.47,13.47,13.43,13.43,703.00,945280.00
2001/12/12,13:30,13.43,13.44,13.41,13.44,1152.00,1546336.00
2001/12/12,13:35,13.44,13.51,13.44,13.51,2024.49,2729984.00
2001/12/12,13:40,13.50,13.50,13.48,13.48,1012.50,1365504.00
2001/12/12,13:45,13.48,13.50,13.44,13.45,1622.01,2182592.00
2001/12/12,13:50,13.43,13.44,13.38,13.38,767.00,1028080.00
2001/12/12,13:55,13.38,13.44,13.38,13.42,996.40,1335904.00
2001/12/12,14:00,13.45,13.46,13.40,13.40,1724.00,2317776.00
2001/12/12,14:05,13.38,13.42,13.38,13.39,600.50,804560.00
2001/12/12,14:10,13.42,13.58,13.40,13.57,13971.53,18900768.00
2001/12/12,14:15,13.55,13.55,13.48,13.49,1879.50,2546560.00
2001/12/12,14:20,13.49,13.50,13.46,13.50,985.00,1328928.00
2001/12/12,14:25,13.50,13.57,13.48,13.57,3050.98,4131536.00
2001/12/12,14:30,13.57,13.67,13.56,13.65,24211.59,33021600.00
2001/12/12,14:35,13.60,13.64,13.55,13.60,6141.00,8360288.00
2001/12/12,14:40,13.60,13.62,13.52,13.52,2189.00,2973456.00
2001/12/12,14:45,13.55,13.55,13.47,13.47,1032.00,1392896.00
2001/12/12,14:50,13.48,13.50,13.45,13.47,2593.00,3495792.00
2001/12/12,14:55,13.47,13.50,13.46,13.48,2732.08,3683136.00
2001/12/12,15:00,13.49,13.50,13.44,13.46,2844.69,3834048.00
2001/12/13,09:35,13.43,13.50,13.41,13.49,1108.00,1489800.00
2001/12/13,09:40,13.49,13.53,13.45,13.47,1470.00,1980600.00
2001/12/13,09:45,13.48,13.51,13.48,13.49,674.00,910160.00
2001/12/13,09:50,13.48,13.48,13.45,13.46,1114.00,1500440.00
2001/12/13,09:55,13.46,13.46,13.40,13.40,1255.00,1684900.00
2001/12/13,10:00,13.38,13.46,13.36,13.46,980.00,1314800.00
2001/12/13,10:05,13.48,13.48,13.43,13.46,401.00,539200.00
2001/12/13,10:10,13.48,13.50,13.45,13.50,1489.00,2009000.00
2001/12/13,10:15,13.50,13.50,13.45,13.45,1036.00,1395400.00
2001/12/13,10:20,13.45,13.45,13.40,13.41,925.00,1241600.00
2001/12/13,10:25,13.41,13.48,13.41,13.48,790.00,1063000.00
2001/12/13,10:30,13.48,13.52,13.48,13.50,1403.00,1893300.00
2001/12/13,10:35,13.50,13.54,13.50,13.53,2924.00,3954300.00
2001/12/13,10:40,13.51,13.54,13.49,13.49,1664.00,2249200.00
2001/12/13,10:45,13.49,13.49,13.41,13.48,957.00,1289000.00
2001/12/13,10:50,13.47,13.55,13.47,13.55,2237.00,3024500.00
2001/12/13,10:55,13.53,13.59,13.53,13.58,4346.00,5904700.00
2001/12/13,11:00,13.57,13.57,13.53,13.53,729.00,986500.00
2001/12/13,11:05,13.54,13.55,13.52,13.55,665.00,900100.00
2001/12/13,11:10,13.55,13.55,13.50,13.51,811.00,1096700.00
2001/12/13,11:15,13.50,13.55,13.50,13.55,817.00,1106000.00
2001/12/13,11:20,13.54,13.55,13.52,13.53,798.00,1081100.00
2001/12/13,11:25,13.54,13.54,13.49,13.49,660.00,890600.00
2001/12/13,11:30,13.50,13.50,13.44,13.45,1166.00,1568900.00
2001/12/13,13:05,13.43,13.45,13.43,13.45,741.00,996020.00
2001/12/13,13:10,13.47,13.50,13.47,13.50,709.00,956180.00
2001/12/13,13:15,13.53,13.53,13.46,13.49,648.00,874100.00
2001/12/13,13:20,13.49,13.49,13.45,13.45,299.00,402600.00
2001/12/13,13:25,13.46,13.48,13.44,13.46,838.00,1126700.00
2001/12/13,13:30,13.47,13.50,13.46,13.49,615.00,829300.00
2001/12/13,13:35,13.50,13.50,13.49,13.49,496.00,670300.00
2001/12/13,13:40,13.50,13.50,13.47,13.47,586.00,789900.00
2001/12/13,13:45,13.48,13.49,13.47,13.48,622.00,838300.00
2001/12/13,13:50,13.48,13.53,13.48,13.53,1498.00,2021300.00
2001/12/13,13:55,13.52,13.53,13.50,13.50,747.00,1010500.00
2001/12/13,14:00,13.50,13.50,13.49,13.49,991.00,1337200.00
2001/12/13,14:05,13.50,13.50,13.48,13.49,368.00,497100.00
2001/12/13,14:10,13.49,13.50,13.48,13.48,341.00,460000.00
2001/12/13,14:15,13.48,13.50,13.44,13.44,2079.00,2800400.00
2001/12/13,14:20,13.43,13.43,13.40,13.40,1516.00,2031900.00
2001/12/13,14:25,13.40,13.44,13.40,13.40,1137.00,1523800.00
2001/12/13,14:30,13.41,13.44,13.40,13.44,461.00,619200.00
2001/12/13,14:35,13.45,13.45,13.38,13.39,1823.00,2443500.00
2001/12/13,14:40,13.39,13.39,13.30,13.30,2065.00,2750500.00
2001/12/13,14:45,13.29,13.38,13.29,13.37,1543.00,2061496.00
2001/12/13,14:50,13.36,13.38,13.33,13.35,1153.00,1540304.00
2001/12/13,14:55,13.35,13.36,13.33,13.34,868.00,1157600.00
2001/12/13,15:00,13.32,13.40,13.30,13.38,4633.00,6176096.00
2001/12/14,09:35,13.32,13.38,13.31,13.38,197.00,262810.00
2001/12/14,09:40,13.40,13.45,13.38,13.40,338.50,454450.00
2001/12/14,09:45,13.43,13.45,13.39,13.39,160.50,215258.00
2001/12/14,09:50,13.40,13.40,13.37,13.38,296.00,396204.00
2001/12/14,09:55,13.37,13.38,13.33,13.33,422.00,563120.00
2001/12/14,10:00,13.33,13.35,13.32,13.33,514.00,685192.00
2001/12/14,10:05,13.34,13.34,13.31,13.32,354.00,471658.00
2001/12/14,10:10,13.32,13.33,13.30,13.33,681.90,907822.00
2001/12/14,10:15,13.32,13.44,13.32,13.44,617.20,824898.00
2001/12/14,10:20,13.45,13.45,13.37,13.37,661.50,886606.00
2001/12/14,10:25,13.39,13.39,13.36,13.36,438.00,585711.00
2001/12/14,10:30,13.36,13.39,13.36,13.39,222.10,297043.00
2001/12/14,10:35,13.39,13.44,13.39,13.40,739.00,991457.00
2001/12/14,10:40,13.40,13.41,13.38,13.38,286.00,383277.00
2001/12/14,10:45,13.38,13.38,13.36,13.37,213.00,284899.00
2001/12/14,10:50,13.40,13.40,13.39,13.40,692.90,927774.00
2001/12/14,10:55,13.39,13.52,13.39,13.52,2919.59,3936804.00
2001/12/14,11:00,13.50,13.53,13.48,13.48,1500.31,2025621.00
2001/12/14,11:05,13.50,13.50,13.48,13.50,547.00,737968.00
2001/12/14,11:10,13.48,13.51,13.48,13.50,770.00,1039348.00
2001/12/14,11:15,13.50,13.50,13.47,13.47,329.00,443244.00
2001/12/14,11:20,13.47,13.47,13.45,13.46,301.00,405082.00
2001/12/14,11:25,13.48,13.49,13.47,13.48,362.00,487906.00
2001/12/14,11:30,13.49,13.50,13.47,13.50,371.00,500354.00
2001/12/14,13:05,13.47,13.50,13.47,13.49,216.00,291478.00
2001/12/14,13:10,13.49,13.49,13.46,13.48,253.00,340968.00
2001/12/14,13:15,13.48,13.48,13.47,13.47,156.00,210144.00
2001/12/14,13:20,13.47,13.48,13.46,13.46,136.00,183128.00
2001/12/14,13:25,13.47,13.48,13.47,13.47,182.00,245286.00
2001/12/14,13:30,13.48,13.51,13.48,13.50,769.70,1038738.00
2001/12/14,13:35,13.52,13.55,13.50,13.55,1630.19,2205460.00
2001/12/14,13:40,13.55,13.58,13.54,13.55,1523.00,2065028.00
2001/12/14,13:45,13.55,13.56,13.51,13.52,935.00,1265832.00
2001/12/14,13:50,13.50,13.52,13.49,13.50,240.00,324156.00
2001/12/14,13:55,13.50,13.52,13.50,13.52,337.20,455426.00
2001/12/14,14:00,13.52,13.54,13.52,13.53,538.00,727890.00
2001/12/14,14:05,13.52,13.53,13.50,13.51,554.00,748804.00
2001/12/14,14:10,13.50,13.50,13.45,13.45,684.61,922730.00
2001/12/14,14:15,13.45,13.46,13.44,13.45,407.00,547626.00
2001/12/14,14:20,13.44,13.45,13.43,13.45,290.19,390172.00
2001/12/14,14:25,13.44,13.46,13.40,13.45,991.00,1330102.00
2001/12/14,14:30,13.40,13.40,13.36,13.38,1059.00,1417326.00
2001/12/14,14:35,13.38,13.38,13.35,13.35,1609.10,2150400.00
2001/12/14,14:40,13.35,13.38,13.33,13.37,1850.32,2468140.00
2001/12/14,14:45,13.35,13.37,13.33,13.35,1627.00,2168304.00
2001/12/14,14:50,13.36,13.36,13.30,13.31,1207.19,1608516.00
2001/12/14,14:55,13.31,13.34,13.29,13.29,3135.59,4172076.00
2001/12/14,15:00,13.30,13.33,13.28,13.31,1616.61,2149172.00
2001/12/17,09:35,13.40,13.40,13.30,13.36,400.00,535100.00
2001/12/17,09:40,13.35,13.40,13.33,13.40,169.00,225700.00
2001/12/17,09:45,13.40,13.45,13.40,13.45,810.00,1088600.00
2001/12/17,09:50,13.45,13.54,13.45,13.54,1399.00,1888300.00
2001/12/17,09:55,13.53,13.54,13.48,13.48,1493.00,2017600.00
2001/12/17,10:00,13.49,13.50,13.48,13.50,310.00,419300.00
2001/12/17,10:05,13.48,13.49,13.46,13.46,718.00,967400.00
2001/12/17,10:10,13.46,13.46,13.39,13.39,304.00,406700.00
2001/12/17,10:15,13.39,13.44,13.38,13.42,292.00,391300.00
2001/12/17,10:20,13.44,13.45,13.41,13.45,325.00,437900.00
2001/12/17,10:25,13.45,13.46,13.39,13.39,180.00,240400.00
2001/12/17,10:30,13.39,13.42,13.38,13.42,142.00,190100.00
2001/12/17,10:35,13.42,13.42,13.36,13.36,574.00,769000.00
2001/12/17,10:40,13.36,13.36,13.32,13.32,387.00,516100.00
2001/12/17,10:45,13.34,13.39,13.33,13.39,344.00,459000.00
2001/12/17,10:50,13.37,13.42,13.37,13.42,95.00,127200.00
2001/12/17,10:55,13.40,13.44,13.38,13.38,185.00,248100.00
2001/12/17,11:00,13.40,13.40,13.35,13.35,360.00,481000.00
2001/12/17,11:05,13.35,13.35,13.33,13.35,226.00,301600.00
2001/12/17,11:10,13.35,13.37,13.33,13.34,401.00,535100.00
2001/12/17,11:15,13.37,13.40,13.33,13.39,304.00,406300.00
2001/12/17,11:20,13.42,13.42,13.38,13.38,67.00,89700.00
2001/12/17,11:25,13.40,13.40,13.38,13.40,191.00,255900.00
2001/12/17,11:30,13.40,13.40,13.36,13.40,121.00,162000.00
2001/12/17,13:05,13.40,13.42,13.35,13.40,194.00,259700.00
2001/12/17,13:10,13.36,13.40,13.36,13.36,35.00,46800.00
2001/12/17,13:15,13.36,13.37,13.36,13.36,79.00,105600.00
2001/12/17,13:20,13.36,13.39,13.36,13.39,170.00,227400.00
2001/12/17,13:25,13.39,13.40,13.37,13.40,164.00,219800.00
2001/12/17,13:30,13.38,13.42,13.38,13.40,326.00,437000.00
2001/12/17,13:35,13.40,13.40,13.39,13.39,105.00,140600.00
2001/12/17,13:40,13.40,13.40,13.39,13.40,263.00,352400.00
2001/12/17,13:45,13.39,13.42,13.39,13.42,522.00,700100.00
2001/12/17,13:50,13.43,13.43,13.39,13.40,455.00,609200.00
2001/12/17,13:55,13.39,13.40,13.38,13.39,275.00,368300.00
2001/12/17,14:00,13.40,13.40,13.38,13.38,223.00,298500.00
2001/12/17,14:05,13.38,13.40,13.37,13.39,165.00,220800.00
2001/12/17,14:10,13.40,13.40,13.35,13.40,1273.00,1700300.00
2001/12/17,14:15,13.42,13.52,13.40,13.52,2813.00,3797400.00
2001/12/17,14:20,13.50,13.50,13.46,13.47,1231.00,1658900.00
2001/12/17,14:25,13.46,13.48,13.42,13.43,995.00,1338600.00
2001/12/17,14:30,13.42,13.48,13.42,13.48,562.00,755700.00
2001/12/17,14:35,13.47,13.48,13.44,13.44,709.00,955000.00
2001/12/17,14:40,13.44,13.50,13.40,13.40,1389.00,1866500.00
2001/12/17,14:45,13.40,13.43,13.35,13.38,1917.00,2560100.00
2001/12/17,14:50,13.35,13.39,13.31,13.33,1493.00,1990500.00
2001/12/17,14:55,13.33,13.36,13.32,13.33,1336.00,1782000.00
2001/12/17,15:00,13.33,13.37,13.30,13.30,2864.00,3814600.00
2001/12/18,09:35,13.30,13.38,13.30,13.31,731.00,974013.00
2001/12/18,09:40,13.37,13.37,13.31,13.33,847.00,1128923.00
2001/12/18,09:45,13.33,13.33,13.31,13.31,855.00,1138730.00
2001/12/18,09:50,13.30,13.30,13.11,13.15,3517.82,4639434.00
2001/12/18,09:55,13.16,13.20,13.13,13.16,2529.18,3333436.00
2001/12/18,10:00,13.16,13.16,13.00,13.00,8418.18,10996060.00
2001/12/18,10:05,13.02,13.12,13.01,13.11,4345.57,5673668.00
2001/12/18,10:10,13.10,13.10,13.02,13.05,7161.25,9347584.00
2001/12/18,10:15,13.08,13.09,13.03,13.05,3047.58,3978564.00
2001/12/18,10:20,13.04,13.05,12.95,12.95,8841.50,11489604.00
2001/12/18,10:25,12.93,13.03,12.91,13.03,5588.63,7236320.00
2001/12/18,10:30,13.04,13.05,12.98,13.00,1995.87,2595856.00
2001/12/18,10:35,12.99,13.05,12.99,13.05,2292.63,2984000.00
2001/12/18,10:40,13.05,13.05,13.03,13.04,1140.00,1486152.00
2001/12/18,10:45,13.03,13.03,13.00,13.02,1113.00,1448008.00
2001/12/18,10:50,13.01,13.02,12.98,12.99,1105.00,1436424.00
2001/12/18,10:55,12.99,12.99,12.95,12.97,1000.37,1297320.00
2001/12/18,11:00,12.98,12.99,12.98,12.99,541.63,703016.00
2001/12/18,11:05,12.99,13.03,12.99,13.00,712.00,925776.00
2001/12/18,11:10,13.01,13.01,13.00,13.01,694.49,903192.00
2001/12/18,11:15,13.03,13.03,13.00,13.02,500.00,650416.00
2001/12/18,11:20,13.03,13.03,13.00,13.02,645.00,839808.00
2001/12/18,11:25,13.02,13.02,12.98,13.00,877.00,1139992.00
2001/12/18,11:30,13.00,13.05,12.98,13.05,831.32,1081632.00
2001/12/18,13:05,13.08,13.15,13.08,13.15,478.50,626240.00
2001/12/18,13:10,13.18,13.18,13.12,13.13,492.50,648208.00
2001/12/18,13:15,13.11,13.14,13.10,13.13,347.00,455280.00
2001/12/18,13:20,13.13,13.15,13.12,13.13,275.00,361288.00
2001/12/18,13:25,13.12,13.13,13.10,13.11,514.00,674064.00
2001/12/18,13:30,13.14,13.14,13.10,13.12,515.00,674904.00
2001/12/18,13:35,13.11,13.20,13.11,13.20,938.50,1236232.00
2001/12/18,13:40,13.21,13.21,13.15,13.16,927.50,1224288.00
2001/12/18,13:45,13.16,13.17,13.12,13.12,169.03,222288.00
2001/12/18,13:50,13.12,13.15,13.11,13.15,180.47,236880.00
2001/12/18,13:55,13.15,13.17,13.11,13.16,197.50,259576.00
2001/12/18,14:00,13.15,13.16,13.11,13.12,631.00,827952.00
2001/12/18,14:05,13.12,13.13,13.09,13.09,725.03,950784.00
2001/12/18,14:10,13.09,13.09,13.04,13.06,594.00,775792.00
2001/12/18,14:15,13.06,13.06,13.01,13.02,584.07,761512.00
2001/12/18,14:20,13.02,13.09,13.02,13.09,671.50,876792.00
2001/12/18,14:25,13.10,13.13,13.09,13.10,252.00,330120.00
2001/12/18,14:30,13.08,13.10,13.07,13.08,468.00,612552.00
2001/12/18,14:35,13.08,13.10,13.05,13.10,1247.86,1631152.00
2001/12/18,14:40,13.10,13.13,13.10,13.12,345.14,452816.00
2001/12/18,14:45,13.13,13.17,13.12,13.16,729.86,959560.00
2001/12/18,14:50,13.17,13.19,13.12,13.12,1086.14,1429728.00
2001/12/18,14:55,13.15,13.15,13.10,13.13,1231.10,1614736.00
2001/12/18,15:00,13.13,13.18,13.13,13.18,1003.86,1320976.00
2001/12/19,09:35,13.17,13.23,13.17,13.17,449.00,592552.00
2001/12/19,09:40,13.17,13.17,13.11,13.11,235.00,308776.00
2001/12/19,09:45,13.12,13.17,13.10,13.11,377.00,494699.00
2001/12/19,09:50,13.12,13.13,13.11,13.12,244.80,321054.00
2001/12/19,09:55,13.12,13.14,13.12,13.13,455.00,597186.00
2001/12/19,10:00,13.14,13.15,13.12,13.13,335.00,440111.00
2001/12/19,10:05,13.12,13.15,13.10,13.13,521.00,683724.00
2001/12/19,10:10,13.11,13.12,13.05,13.05,714.20,935209.00
2001/12/19,10:15,13.06,13.06,13.01,13.03,614.80,801139.00
2001/12/19,10:20,13.05,13.06,13.05,13.05,249.00,325017.00
2001/12/19,10:25,13.06,13.08,13.05,13.06,126.00,164565.00
2001/12/19,10:30,13.06,13.13,13.06,13.12,403.00,527795.00
2001/12/19,10:35,13.12,13.12,13.08,13.10,338.00,443080.00
2001/12/19,10:40,13.08,13.11,13.08,13.11,243.00,318100.00
2001/12/19,10:45,13.10,13.14,13.10,13.12,297.00,389707.00
2001/12/19,10:50,13.12,13.20,13.12,13.20,1005.00,1322700.00
2001/12/19,10:55,13.17,13.20,13.15,13.15,460.00,606099.00
2001/12/19,11:00,13.17,13.17,13.13,13.13,99.00,130223.00
2001/12/19,11:05,13.12,13.13,13.08,13.09,185.00,242407.00
2001/12/19,11:10,13.09,13.10,13.09,13.10,106.00,138833.00
2001/12/19,11:15,13.13,13.14,13.10,13.11,119.00,156065.00
2001/12/19,11:20,13.12,13.13,13.10,13.10,235.00,308142.00
2001/12/19,11:25,13.10,13.14,13.10,13.14,207.00,271453.00
2001/12/19,11:30,13.14,13.15,13.12,13.13,241.00,316638.00
2001/12/19,13:05,13.14,13.14,13.10,13.10,280.00,367405.00
2001/12/19,13:10,13.10,13.11,13.10,13.11,133.00,174267.00
2001/12/19,13:15,13.10,13.11,13.09,13.09,312.00,408552.00
2001/12/19,13:20,13.09,13.10,13.09,13.10,118.00,154478.00
2001/12/19,13:25,13.09,13.12,13.09,13.12,910.10,1192054.00
2001/12/19,13:30,13.11,13.12,13.10,13.10,859.00,1126132.00
2001/12/19,13:35,13.10,13.10,13.08,13.08,1331.80,1743898.00
2001/12/19,13:40,13.08,13.08,13.05,13.07,1469.10,1919056.00
2001/12/19,13:45,13.07,13.07,13.06,13.07,1130.50,1477324.00
2001/12/19,13:50,13.06,13.07,13.05,13.06,1774.00,2316388.00
2001/12/19,13:55,13.06,13.06,13.04,13.04,726.50,948066.00
2001/12/19,14:00,13.05,13.06,13.04,13.06,251.13,327646.00
2001/12/19,14:05,13.05,13.06,13.05,13.05,445.00,581048.00
2001/12/19,14:10,13.05,13.06,13.04,13.05,682.00,889870.00
2001/12/19,14:15,13.04,13.05,13.02,13.03,812.00,1058204.00
2001/12/19,14:20,13.03,13.04,13.02,13.04,499.00,649782.00
2001/12/19,14:25,13.03,13.04,13.01,13.03,697.50,907950.00
2001/12/19,14:30,13.02,13.05,13.02,13.05,336.99,439142.00
2001/12/19,14:35,13.05,13.08,13.05,13.05,972.00,1268786.00
2001/12/19,14:40,13.05,13.05,13.03,13.04,453.00,590766.00
2001/12/19,14:45,13.03,13.03,13.00,13.00,2111.71,2746582.00
2001/12/19,14:50,12.99,13.00,12.97,12.98,1332.30,1729850.00
2001/12/19,14:55,13.00,13.01,12.96,12.96,2207.70,2866944.00
2001/12/19,15:00,12.96,13.00,12.94,12.99,4573.99,5932368.00
2001/12/20,09:35,12.90,12.91,12.88,12.88,635.00,818928.00
2001/12/20,09:40,12.90,12.90,12.85,12.85,952.00,1225315.00
2001/12/20,09:45,12.87,12.89,12.82,12.83,2013.00,2583088.00
2001/12/20,09:50,12.87,12.88,12.84,12.85,1257.19,1615512.00
2001/12/20,09:55,12.85,12.87,12.69,12.70,5147.81,6576975.00
2001/12/20,10:00,12.69,12.69,12.61,12.68,1915.00,2425050.00
2001/12/20,10:05,12.66,12.74,12.66,12.70,2849.01,3618004.00
2001/12/20,10:10,12.70,12.70,12.66,12.66,2841.99,3602888.00
2001/12/20,10:15,12.65,12.67,12.65,12.67,1985.00,2511704.00
2001/12/20,10:20,12.67,12.68,12.66,12.68,1530.14,1937588.00
2001/12/20,10:25,12.68,12.68,12.60,12.65,2949.51,3728812.00
2001/12/20,10:30,12.60,12.60,12.49,12.56,8437.68,10573144.00
2001/12/20,10:35,12.56,12.57,12.50,12.50,3634.40,4555804.00
2001/12/20,10:40,12.52,12.53,12.49,12.53,5089.64,6361180.00
2001/12/20,10:45,12.53,12.59,12.53,12.54,1192.00,1496752.00
2001/12/20,10:50,12.52,12.55,12.51,12.51,1462.45,1832720.00
2001/12/20,10:55,12.52,12.57,12.50,12.56,2363.00,2957720.00
2001/12/20,11:00,12.56,12.65,12.56,12.64,1210.00,1528580.00
2001/12/20,11:05,12.60,12.60,12.58,12.60,473.00,595760.00
2001/12/20,11:10,12.60,12.61,12.58,12.58,900.00,1134484.00
2001/12/20,11:15,12.55,12.55,12.54,12.55,456.00,572200.00
2001/12/20,11:20,12.54,12.56,12.54,12.55,547.51,686768.00
2001/12/20,11:25,12.54,12.54,12.52,12.54,1153.49,1445072.00
2001/12/20,11:30,12.51,12.51,12.50,12.50,2925.00,3658112.00
2001/12/20,13:05,12.50,12.50,12.45,12.45,4583.00,5724352.00
2001/12/20,13:10,12.46,12.50,12.46,12.50,630.30,787040.00
2001/12/20,13:15,12.51,12.60,12.51,12.60,676.00,848856.00
2001/12/20,13:20,12.60,12.61,12.60,12.60,641.99,808960.00
2001/12/20,13:25,12.61,12.61,12.56,12.56,537.01,676544.00
2001/12/20,13:30,12.56,12.58,12.55,12.55,411.49,516664.00
2001/12/20,13:35,12.55,12.58,12.55,12.58,188.00,236216.00
2001/12/20,13:40,12.58,12.66,12.58,12.66,283.99,358264.00
2001/12/20,13:45,12.66,12.66,12.60,12.62,361.01,456136.00
2001/12/20,13:50,12.61,12.62,12.60,12.61,312.00,393352.00
2001/12/20,13:55,12.60,12.61,12.58,12.60,719.00,905840.00
2001/12/20,14:00,12.60,12.62,12.59,12.60,548.00,690520.00
2001/12/20,14:05,12.61,12.61,12.50,12.50,944.00,1184800.00
2001/12/20,14:10,12.50,12.50,12.47,12.49,1263.99,1578368.00
2001/12/20,14:15,12.50,12.55,12.50,12.55,510.00,637960.00
2001/12/20,14:20,12.55,12.58,12.54,12.55,462.00,579848.00
2001/12/20,14:25,12.54,12.55,12.52,12.54,893.00,1119376.00
2001/12/20,14:30,12.56,12.57,12.54,12.55,629.00,789688.00
2001/12/20,14:35,12.56,12.58,12.54,12.56,408.00,512288.00
2001/12/20,14:40,12.56,12.56,12.54,12.55,602.20,755912.00
2001/12/20,14:45,12.55,12.56,12.53,12.55,699.80,877768.00
2001/12/20,14:50,12.53,12.53,12.50,12.50,1196.50,1496936.00
2001/12/20,14:55,12.50,12.53,12.50,12.52,1210.00,1513440.00
2001/12/20,15:00,12.52,12.53,12.49,12.50,1827.48,2284912.00
2001/12/21,09:35,12.40,12.45,12.38,12.45,558.00,692500.00
2001/12/21,09:40,12.48,12.58,12.48,12.58,903.00,1130400.00
2001/12/21,09:45,12.58,12.58,12.58,12.58,53.00,66700.00
2001/12/21,09:50,12.58,12.58,12.58,12.58,0.00,0.00
2001/12/21,09:55,12.55,12.56,12.55,12.56,134.00,168300.00
2001/12/21,10:00,12.55,12.56,12.52,12.54,229.00,287200.00
2001/12/21,10:05,12.54,12.54,12.48,12.48,711.00,889200.00
2001/12/21,10:10,12.50,12.50,12.45,12.45,390.00,486000.00
2001/12/21,10:15,12.43,12.43,12.39,12.39,752.00,933000.00
2001/12/21,10:20,12.39,12.39,12.35,12.36,608.00,751900.00
2001/12/21,10:25,12.36,12.39,12.32,12.34,655.00,808500.00
2001/12/21,10:30,12.34,12.40,12.34,12.39,372.00,460600.00
2001/12/21,10:35,12.40,12.41,12.39,12.39,446.00,553000.00
2001/12/21,10:40,12.39,12.39,12.30,12.35,2376.00,2928900.00
2001/12/21,10:45,12.35,12.35,12.30,12.31,1017.00,1252500.00
2001/12/21,10:50,12.34,12.43,12.32,12.43,669.00,828600.00
2001/12/21,10:55,12.45,12.51,12.30,12.45,3187.00,3950000.00
2001/12/21,11:00,12.45,12.49,12.31,12.45,1843.00,2278700.00
2001/12/21,11:05,12.40,12.40,12.35,12.36,375.00,464100.00
2001/12/21,11:10,12.38,12.40,12.36,12.36,292.00,361400.00
2001/12/21,11:15,12.40,12.40,12.38,12.39,158.00,195800.00
2001/12/21,11:20,12.39,12.40,12.39,12.39,165.00,204600.00
2001/12/21,11:25,12.40,12.40,12.32,12.32,933.00,1152400.00
2001/12/21,11:30,12.31,12.38,12.31,12.35,1539.00,1896000.00
2001/12/21,13:05,12.35,12.40,12.35,12.40,123.00,152300.00
2001/12/21,13:10,12.36,12.40,12.36,12.36,106.00,131200.00
2001/12/21,13:15,12.38,12.38,12.35,12.36,136.00,168100.00
2001/12/21,13:20,12.35,12.36,12.35,12.35,184.00,227300.00
2001/12/21,13:25,12.35,12.35,12.34,12.34,278.00,343300.00
2001/12/21,13:30,12.35,12.35,12.34,12.35,141.00,174100.00
2001/12/21,13:35,12.35,12.36,12.34,12.35,155.00,191500.00
2001/12/21,13:40,12.34,12.39,12.34,12.39,148.00,182900.00
2001/12/21,13:45,12.39,12.40,12.39,12.40,292.00,362000.00
2001/12/21,13:50,12.40,12.41,12.40,12.41,270.00,335100.00
2001/12/21,13:55,12.41,12.44,12.41,12.42,281.00,348700.00
2001/12/21,14:00,12.43,12.44,12.38,12.38,306.00,379800.00
2001/12/21,14:05,12.39,12.40,12.38,12.38,142.00,175900.00
2001/12/21,14:10,12.40,12.40,12.39,12.39,384.00,475800.00
2001/12/21,14:15,12.37,12.39,12.30,12.32,2953.00,3641000.00
2001/12/21,14:20,12.30,12.31,12.29,12.30,1276.00,1570500.00
2001/12/21,14:25,12.30,12.35,12.30,12.35,252.00,310100.00
2001/12/21,14:30,12.36,12.39,12.36,12.38,357.00,441800.00
2001/12/21,14:35,12.35,12.40,12.35,12.39,387.00,479000.00
2001/12/21,14:40,12.39,12.40,12.38,12.38,658.00,815500.00
2001/12/21,14:45,12.39,12.40,12.38,12.39,531.00,657900.00
2001/12/21,14:50,12.39,12.40,12.38,12.40,750.00,928400.00
2001/12/21,14:55,12.40,12.50,12.40,12.50,662.00,826600.00
2001/12/21,15:00,12.50,12.54,12.50,12.53,1697.00,2123900.00
2001/12/24,09:35,12.40,12.50,12.40,12.50,380.00,471700.00
2001/12/24,09:40,12.48,12.48,12.40,12.46,359.00,446100.00
2001/12/24,09:45,12.43,12.43,12.39,12.39,414.00,513700.00
2001/12/24,09:50,12.40,12.40,12.32,12.32,487.00,602800.00
2001/12/24,09:55,12.33,12.33,12.31,12.32,758.00,933300.00
2001/12/24,10:00,12.32,12.38,12.32,12.38,365.00,450400.00
2001/12/24,10:05,12.38,12.38,12.31,12.33,395.00,487100.00
2001/12/24,10:10,12.37,12.38,12.35,12.38,566.00,700100.00
2001/12/24,10:15,12.36,12.40,12.36,12.38,293.00,363300.00
2001/12/24,10:20,12.38,12.40,12.38,12.40,261.00,322600.00
2001/12/24,10:25,12.38,12.40,12.38,12.39,219.00,271400.00
2001/12/24,10:30,12.38,12.39,12.38,12.39,226.00,279900.00
2001/12/24,10:35,12.39,12.40,12.39,12.40,331.00,410900.00
2001/12/24,10:40,12.40,12.40,12.39,12.40,119.00,147500.00
2001/12/24,10:45,12.39,12.42,12.39,12.42,154.00,190400.00
2001/12/24,10:50,12.41,12.42,12.40,12.41,290.00,359900.00
2001/12/24,10:55,12.40,12.41,12.38,12.38,759.00,940500.00
2001/12/24,11:00,12.38,12.39,12.37,12.39,242.00,299500.00
2001/12/24,11:05,12.39,12.40,12.38,12.38,103.00,127700.00
2001/12/24,11:10,12.38,12.39,12.37,12.37,317.00,392300.00
2001/12/24,11:15,12.37,12.38,12.29,12.30,1711.00,2109300.00
2001/12/24,11:20,12.30,12.30,12.28,12.28,1281.00,1574500.00
2001/12/24,11:25,12.28,12.28,12.20,12.20,1726.00,2105200.00
2001/12/24,11:30,12.16,12.20,12.13,12.17,933.00,1135400.00
2001/12/24,13:05,12.15,12.15,12.11,12.12,859.00,1042000.00
2001/12/24,13:10,12.12,12.15,12.10,12.15,1120.00,1357100.00
2001/12/24,13:15,12.15,12.16,12.13,12.16,386.00,468300.00
2001/12/24,13:20,12.15,12.25,12.15,12.25,7715.00,9411300.00
2001/12/24,13:25,12.26,12.32,12.26,12.30,823.00,1011600.00
2001/12/24,13:30,12.32,12.32,12.25,12.27,1457.00,1787500.00
2001/12/24,13:35,12.28,12.28,12.22,12.25,1390.00,1701400.00
2001/12/24,13:40,12.25,12.25,12.20,12.20,875.00,1068100.00
2001/12/24,13:45,12.21,12.22,12.20,12.22,547.00,668600.00
2001/12/24,13:50,12.22,12.30,12.22,12.30,6233.00,7655400.00
2001/12/24,13:55,12.33,12.45,12.31,12.42,2649.00,3268000.00
2001/12/24,14:00,12.50,12.50,12.44,12.44,583.00,725700.00
2001/12/24,14:05,12.44,12.44,12.39,12.39,439.00,544500.00
2001/12/24,14:10,12.38,12.39,12.36,12.36,102.00,126100.00
2001/12/24,14:15,12.36,12.37,12.35,12.36,207.00,255900.00
2001/12/24,14:20,12.36,12.38,12.35,12.35,456.00,563700.00
2001/12/24,14:25,12.36,12.38,12.36,12.38,327.00,405000.00
2001/12/24,14:30,12.30,12.38,12.30,12.35,2144.00,2640600.00
2001/12/24,14:35,12.32,12.34,12.30,12.30,579.00,711900.00
2001/12/24,14:40,12.28,12.30,12.28,12.28,694.00,852700.00
2001/12/24,14:45,12.28,12.28,12.20,12.21,984.00,1202900.00
2001/12/24,14:50,12.22,12.27,12.20,12.25,601.00,734900.00
2001/12/24,14:55,12.26,12.28,12.25,12.25,454.00,556600.00
2001/12/24,15:00,12.27,12.28,12.25,12.27,1029.00,1262500.00
2001/12/25,09:35,12.28,12.30,12.24,12.24,1179.00,1451000.00
2001/12/25,09:40,12.24,12.24,12.20,12.22,960.00,1172400.00
2001/12/25,09:45,12.22,12.35,12.22,12.35,4511.00,5542800.00
2001/12/25,09:50,12.35,12.43,12.35,12.38,2255.00,2792900.00
2001/12/25,09:55,12.34,12.36,12.31,12.35,866.00,1067500.00
2001/12/25,10:00,12.33,12.42,12.33,12.42,2331.00,2888100.00
2001/12/25,10:05,12.42,12.53,12.42,12.53,1729.00,2156700.00
2001/12/25,10:10,12.53,12.53,12.45,12.46,717.00,895300.00
2001/12/25,10:15,12.47,12.50,12.47,12.49,963.00,1202900.00
2001/12/25,10:20,12.45,12.45,12.41,12.44,769.00,955700.00
2001/12/25,10:25,12.45,12.46,12.44,12.44,301.00,374700.00
2001/12/25,10:30,12.44,12.45,12.40,12.40,527.00,654200.00
2001/12/25,10:35,12.39,12.48,12.39,12.48,327.00,407400.00
2001/12/25,10:40,12.50,12.52,12.48,12.50,1476.00,1844000.00
2001/12/25,10:45,12.50,12.50,12.49,12.50,211.00,263700.00
2001/12/25,10:50,12.48,12.49,12.45,12.46,216.00,269400.00
2001/12/25,10:55,12.46,12.46,12.45,12.45,153.00,190500.00
2001/12/25,11:00,12.45,12.46,12.44,12.45,254.00,316200.00
2001/12/25,11:05,12.44,12.44,12.42,12.42,132.00,164000.00
2001/12/25,11:10,12.42,12.43,12.40,12.43,485.00,601700.00
2001/12/25,11:15,12.42,12.46,12.40,12.44,340.00,423000.00
2001/12/25,11:20,12.44,12.44,12.41,12.41,139.00,172800.00
2001/12/25,11:25,12.41,12.42,12.40,12.40,293.00,363700.00
2001/12/25,11:30,12.40,12.41,12.39,12.40,671.00,831900.00
2001/12/25,13:05,12.40,12.41,12.40,12.40,73.00,91200.00
2001/12/25,13:10,12.40,12.40,12.39,12.39,92.00,114000.00
2001/12/25,13:15,12.40,12.40,12.38,12.38,371.00,458800.00
2001/12/25,13:20,12.37,12.38,12.35,12.35,460.00,568400.00
2001/12/25,13:25,12.35,12.37,12.32,12.37,146.00,180400.00
2001/12/25,13:30,12.39,12.39,12.34,12.39,136.00,168100.00
2001/12/25,13:35,12.38,12.40,12.36,12.40,973.00,1206200.00
2001/12/25,13:40,12.40,12.40,12.36,12.38,367.00,454900.00
2001/12/25,13:45,12.37,12.40,12.36,12.38,348.00,430600.00
2001/12/25,13:50,12.38,12.42,12.36,12.42,517.00,640200.00
2001/12/25,13:55,12.41,12.45,12.40,12.45,326.00,404700.00
2001/12/25,14:00,12.45,12.49,12.45,12.48,473.00,590600.00
2001/12/25,14:05,12.48,12.49,12.46,12.46,475.00,592700.00
2001/12/25,14:10,12.45,12.45,12.40,12.44,235.00,291200.00
2001/12/25,14:15,12.44,12.47,12.41,12.41,212.00,263900.00
2001/12/25,14:20,12.42,12.42,12.42,12.42,118.00,146500.00
2001/12/25,14:25,12.41,12.50,12.41,12.50,753.00,938700.00
2001/12/25,14:30,12.50,12.55,12.50,12.53,2267.00,2839500.00
2001/12/25,14:35,12.54,12.56,12.52,12.53,559.00,700900.00
2001/12/25,14:40,12.52,12.52,12.49,12.49,329.00,410900.00
2001/12/25,14:45,12.49,12.49,12.46,12.48,289.00,360600.00
2001/12/25,14:50,12.46,12.49,12.46,12.49,106.00,132400.00
2001/12/25,14:55,12.50,12.51,12.48,12.48,622.00,777400.00
2001/12/25,15:00,12.48,12.48,12.40,12.41,1464.00,1818700.00
2001/12/26,09:35,12.31,12.41,12.30,12.33,472.00,581682.00
2001/12/26,09:40,12.32,12.33,12.30,12.31,366.00,450771.00
2001/12/26,09:45,12.30,12.32,12.30,12.32,112.00,137944.00
2001/12/26,09:50,12.32,12.33,12.30,12.33,653.00,803746.00
2001/12/26,09:55,12.30,12.39,12.30,12.38,316.00,390699.00
2001/12/26,10:00,12.38,12.40,12.34,12.35,432.00,534670.00
2001/12/26,10:05,12.34,12.38,12.34,12.37,186.80,231029.00
2001/12/26,10:10,12.38,12.47,12.38,12.47,369.00,457475.00
2001/12/26,10:15,12.45,12.47,12.42,12.43,124.00,154247.00
2001/12/26,10:20,12.43,12.44,12.37,12.37,531.00,658594.00
2001/12/26,10:25,12.37,12.41,12.37,12.38,143.29,177245.00
2001/12/26,10:30,12.43,12.44,12.40,12.40,43.00,53472.00
2001/12/26,10:35,12.42,12.45,12.40,12.45,191.00,237522.00
2001/12/26,10:40,12.46,12.51,12.46,12.47,554.20,692444.00
2001/12/26,10:45,12.47,12.49,12.46,12.46,552.80,689582.00
2001/12/26,10:50,12.45,12.45,12.44,12.44,159.00,197888.00
2001/12/26,10:55,12.45,12.47,12.45,12.47,302.00,376183.00
2001/12/26,11:00,12.49,12.49,12.48,12.48,139.00,173567.00
2001/12/26,11:05,12.49,12.49,12.48,12.49,451.00,563354.00
2001/12/26,11:10,12.49,12.49,12.46,12.47,264.00,329396.00
2001/12/26,11:15,12.47,12.48,12.46,12.46,174.00,216893.00
2001/12/26,11:20,12.47,12.47,12.46,12.46,275.00,342590.00
2001/12/26,11:25,12.46,12.49,12.46,12.49,259.00,323107.00
2001/12/26,11:30,12.50,12.51,12.49,12.50,513.00,641402.00
2001/12/26,13:05,12.50,12.50,12.48,12.48,155.00,193722.00
2001/12/26,13:10,12.49,12.51,12.48,12.48,123.00,153643.00
2001/12/26,13:15,12.48,12.48,12.45,12.45,287.00,357852.00
2001/12/26,13:20,12.46,12.46,12.44,12.45,144.00,179279.00
2001/12/26,13:25,12.44,12.45,12.43,12.45,262.00,326042.00
2001/12/26,13:30,12.44,12.45,12.43,12.45,120.30,149718.00
2001/12/26,13:35,12.44,12.46,12.42,12.44,546.00,679209.00
2001/12/26,13:40,12.42,12.45,12.40,12.44,489.70,607898.00
2001/12/26,13:45,12.43,12.43,12.37,12.37,746.00,924647.00
2001/12/26,13:50,12.42,12.42,12.39,12.39,110.00,136349.00
2001/12/26,13:55,12.39,12.40,12.38,12.40,191.00,236615.00
2001/12/26,14:00,12.41,12.45,12.40,12.45,499.80,621469.00
2001/12/26,14:05,12.45,12.45,12.42,12.44,669.50,833096.00
2001/12/26,14:10,12.47,12.51,12.45,12.50,1072.00,1339095.00
2001/12/26,14:15,12.50,12.51,12.50,12.50,894.00,1117712.00
2001/12/26,14:20,12.50,12.50,12.46,12.46,74.00,92284.00
2001/12/26,14:25,12.46,12.49,12.46,12.49,415.00,518168.00
2001/12/26,14:30,12.48,12.49,12.47,12.47,275.00,343188.00
2001/12/26,14:35,12.47,12.51,12.47,12.51,637.20,796062.00
2001/12/26,14:40,12.51,12.67,12.51,12.67,4396.49,5541998.00
2001/12/26,14:45,12.68,12.70,12.60,12.60,8432.68,10689200.00
2001/12/26,14:50,12.56,12.64,12.55,12.60,2670.00,3354540.00
2001/12/26,14:55,12.61,12.61,12.51,12.60,1519.50,1908456.00
2001/12/26,15:00,12.60,12.61,12.50,12.54,3356.00,4203504.00
2001/12/27,09:35,12.58,12.58,12.46,12.46,584.00,731396.00
2001/12/27,09:40,12.50,12.55,12.50,12.52,234.00,292994.00
2001/12/27,09:45,12.53,12.53,12.50,12.50,423.30,529297.00
2001/12/27,09:50,12.50,12.50,12.50,12.50,243.18,303978.00
2001/12/27,09:55,12.50,12.59,12.50,12.59,663.82,833263.00
2001/12/27,10:00,12.60,12.72,12.60,12.69,8438.82,10664285.00
2001/12/27,10:05,12.70,12.70,12.62,12.63,1074.00,1360386.00
2001/12/27,10:10,12.62,12.67,12.61,12.67,428.50,541770.00
2001/12/27,10:15,12.67,12.68,12.62,12.62,493.50,624252.00
2001/12/27,10:20,12.61,12.63,12.61,12.63,380.33,479990.00
2001/12/27,10:25,12.63,12.64,12.62,12.62,195.80,247273.00
2001/12/27,10:30,12.60,12.60,12.55,12.56,941.67,1186070.00
2001/12/27,10:35,12.56,12.58,12.54,12.54,245.00,307582.00
2001/12/27,10:40,12.54,12.56,12.53,12.54,543.00,680998.00
2001/12/27,10:45,12.54,12.61,12.53,12.61,1089.30,1367558.00
2001/12/27,10:50,12.61,12.61,12.56,12.56,740.70,932562.00
2001/12/27,10:55,12.60,12.60,12.56,12.56,100.00,125816.00
2001/12/27,11:00,12.56,12.56,12.51,12.51,1220.00,1528518.00
2001/12/27,11:05,12.51,12.56,12.50,12.56,752.00,940398.00
2001/12/27,11:10,12.56,12.56,12.53,12.55,239.00,299706.00
2001/12/27,11:15,12.54,12.56,12.53,12.56,104.00,130456.00
2001/12/27,11:20,12.55,12.59,12.55,12.57,94.00,118148.00
2001/12/27,11:25,12.60,12.60,12.58,12.58,199.00,250540.00
2001/12/27,11:30,12.58,12.58,12.56,12.57,137.00,172184.00
2001/12/27,13:05,12.57,12.60,12.57,12.60,217.00,272864.00
2001/12/27,13:10,12.56,12.60,12.56,12.60,286.00,359672.00
2001/12/27,13:15,12.57,12.57,12.50,12.50,1110.00,1389544.00
2001/12/27,13:20,12.52,12.54,12.52,12.52,99.00,124016.00
2001/12/27,13:25,12.52,12.54,12.51,12.53,479.50,600018.00
2001/12/27,13:30,12.52,12.57,12.50,12.57,1571.00,1966380.00
2001/12/27,13:35,12.55,12.58,12.50,12.53,1356.00,1698370.00
2001/12/27,13:40,12.54,12.58,12.51,12.53,1301.50,1629756.00
2001/12/27,13:45,12.53,12.53,12.50,12.50,563.00,704404.00
2001/12/27,13:50,12.53,12.55,12.50,12.55,600.00,750500.00
2001/12/27,13:55,12.53,12.55,12.53,12.54,108.50,136016.00
2001/12/27,14:00,12.51,12.58,12.50,12.57,796.50,999160.00
2001/12/27,14:05,12.56,12.58,12.55,12.55,736.00,924216.00
2001/12/27,14:10,12.55,12.55,12.52,12.53,506.00,634056.00
2001/12/27,14:15,12.54,12.54,12.50,12.50,767.00,960308.00
2001/12/27,14:20,12.50,12.51,12.50,12.51,519.50,649508.00
2001/12/27,14:25,12.52,12.52,12.50,12.51,284.50,355952.00
2001/12/27,14:30,12.52,12.54,12.52,12.54,125.00,156676.00
2001/12/27,14:35,12.50,12.50,12.48,12.48,1768.00,2209260.00
2001/12/27,14:40,12.47,12.50,12.47,12.50,819.50,1023520.00
2001/12/27,14:45,12.49,12.49,12.49,12.49,376.00,469464.00
2001/12/27,14:50,12.49,12.50,12.49,12.49,457.50,571516.00
2001/12/27,14:55,12.49,12.49,12.46,12.46,1420.46,1771756.00
2001/12/27,15:00,12.46,12.50,12.46,12.50,1378.04,1719132.00
2001/12/28,09:35,12.50,12.50,12.46,12.47,220.00,274968.00
2001/12/28,09:40,12.50,12.50,12.46,12.47,145.00,180767.00
2001/12/28,09:45,12.47,12.48,12.45,12.46,376.00,468826.00
2001/12/28,09:50,12.46,12.54,12.45,12.52,466.00,580939.00
2001/12/28,09:55,12.50,12.50,12.45,12.50,820.50,1023500.00
2001/12/28,10:00,12.48,12.50,12.47,12.48,394.00,491926.00
2001/12/28,10:05,12.49,12.51,12.49,12.51,190.10,237770.00
2001/12/28,10:10,12.51,12.51,12.50,12.50,387.30,484118.00
2001/12/28,10:15,12.51,12.52,12.50,12.50,195.00,243947.00
2001/12/28,10:20,12.50,12.55,12.50,12.55,309.00,386859.00
2001/12/28,10:25,12.51,12.58,12.51,12.56,401.00,503016.00
2001/12/28,10:30,12.56,12.56,12.50,12.50,587.00,734562.00
2001/12/28,10:35,12.51,12.52,12.49,12.49,454.70,568485.00
2001/12/28,10:40,12.49,12.50,12.49,12.49,190.91,238464.00
2001/12/28,10:45,12.50,12.52,12.50,12.52,178.30,222905.00
2001/12/28,10:50,12.52,12.52,12.50,12.50,98.00,122596.00
2001/12/28,10:55,12.51,12.51,12.50,12.50,100.50,125674.00
2001/12/28,11:00,12.51,12.51,12.46,12.46,966.69,1206751.00
2001/12/28,11:05,12.45,12.45,12.40,12.41,838.00,1041304.00
2001/12/28,11:10,12.41,12.46,12.41,12.45,109.02,135746.00
2001/12/28,11:15,12.45,12.45,12.44,12.44,262.00,326090.00
2001/12/28,11:20,12.44,12.44,12.42,12.42,253.00,314474.00
2001/12/28,11:25,12.42,12.42,12.40,12.41,736.00,913334.00
2001/12/28,11:30,12.41,12.43,12.40,12.41,389.45,483168.00
2001/12/28,13:05,12.43,12.43,12.41,12.42,91.00,113015.00
2001/12/28,13:10,12.44,12.45,12.43,12.45,265.80,330771.00
2001/12/28,13:15,12.45,12.45,12.45,12.45,151.00,188283.00
2001/12/28,13:20,12.45,12.46,12.45,12.46,84.30,105011.00
2001/12/28,13:25,12.45,12.45,12.42,12.42,336.70,419116.00
2001/12/28,13:30,12.43,12.43,12.42,12.42,216.00,268428.00
2001/12/28,13:35,12.42,12.42,12.39,12.39,1082.30,1342626.00
2001/12/28,13:40,12.40,12.40,12.38,12.39,378.00,468207.00
2001/12/28,13:45,12.40,12.43,12.39,12.43,210.00,260499.00
2001/12/28,13:50,12.40,12.40,12.38,12.38,131.00,162345.00
2001/12/28,13:55,12.38,12.40,12.38,12.39,364.00,450863.00
2001/12/28,14:00,12.40,12.40,12.35,12.35,640.00,792061.00
2001/12/28,14:05,12.35,12.35,12.33,12.35,799.45,987050.00
2001/12/28,14:10,12.35,12.38,12.34,12.38,447.05,552088.00
2001/12/28,14:15,12.39,12.40,12.38,12.40,340.00,421226.00
2001/12/28,14:20,12.39,12.40,12.39,12.39,486.00,602556.00
2001/12/28,14:25,12.39,12.40,12.37,12.37,611.00,756922.00
2001/12/28,14:30,12.37,12.39,12.37,12.39,489.50,606356.00
2001/12/28,14:35,12.39,12.50,12.39,12.48,524.00,651940.00
2001/12/28,14:40,12.50,12.55,12.46,12.53,1519.93,1899252.00
2001/12/28,14:45,12.53,12.55,12.45,12.50,1226.00,1534512.00
2001/12/28,14:50,12.50,12.52,12.48,12.48,306.00,382416.00
2001/12/28,14:55,12.44,12.44,12.42,12.43,603.00,749664.00
2001/12/28,15:00,12.45,12.52,12.43,12.52,1059.00,1322632.00
2001/12/31,09:35,12.56,12.57,12.53,12.55,300.00,376600.00
2001/12/31,09:40,12.58,12.59,12.52,12.56,702.00,882000.00
2001/12/31,09:45,12.55,12.61,12.55,12.60,666.00,838600.00
2001/12/31,09:50,12.60,12.61,12.59,12.60,467.00,588500.00
2001/12/31,09:55,12.60,12.62,12.60,12.60,419.00,528400.00
2001/12/31,10:00,12.60,12.61,12.60,12.61,310.00,390600.00
2001/12/31,10:05,12.61,12.65,12.61,12.63,761.00,961800.00
2001/12/31,10:10,12.64,12.68,12.62,12.65,808.00,1022700.00
2001/12/31,10:15,12.66,12.67,12.65,12.65,258.00,326500.00
2001/12/31,10:20,12.64,12.68,12.62,12.66,367.00,464300.00
2001/12/31,10:25,12.68,12.68,12.63,12.67,389.00,492500.00
2001/12/31,10:30,12.67,12.67,12.65,12.65,175.00,221500.00
2001/12/31,10:35,12.66,12.70,12.65,12.70,1007.00,1277600.00
2001/12/31,10:40,12.71,12.74,12.70,12.70,686.00,872600.00
2001/12/31,10:45,12.68,12.71,12.68,12.70,316.00,401400.00
2001/12/31,10:50,12.70,12.71,12.69,12.70,432.00,548600.00
2001/12/31,10:55,12.70,12.70,12.68,12.68,251.00,318500.00
2001/12/31,11:00,12.68,12.71,12.68,12.71,627.00,796300.00
2001/12/31,11:05,12.69,12.72,12.69,12.71,268.00,340700.00
2001/12/31,11:10,12.71,12.71,12.69,12.69,357.00,453200.00
2001/12/31,11:15,12.69,12.69,12.68,12.69,268.00,339900.00
2001/12/31,11:20,12.67,12.69,12.66,12.66,120.00,152100.00
2001/12/31,11:25,12.66,12.69,12.66,12.69,152.00,193300.00
2001/12/31,11:30,12.69,12.70,12.68,12.69,363.00,460900.00
2001/12/31,13:05,12.69,12.70,12.68,12.69,151.00,191600.00
2001/12/31,13:10,12.69,12.69,12.67,12.67,123.00,156000.00
2001/12/31,13:15,12.67,12.68,12.66,12.66,253.00,319700.00
2001/12/31,13:20,12.66,12.67,12.66,12.66,265.00,335600.00
2001/12/31,13:25,12.66,12.66,12.65,12.65,110.00,139300.00
2001/12/31,13:30,12.66,12.67,12.64,12.64,300.00,379500.00
2001/12/31,13:35,12.64,12.64,12.60,12.61,477.00,601600.00
2001/12/31,13:40,12.60,12.60,12.59,12.60,370.00,466000.00
2001/12/31,13:45,12.60,12.60,12.59,12.60,227.00,286000.00
2001/12/31,13:50,12.60,12.61,12.59,12.61,121.00,152500.00
2001/12/31,13:55,12.61,12.63,12.60,12.60,248.00,312800.00
2001/12/31,14:00,12.62,12.62,12.60,12.62,461.00,581600.00
2001/12/31,14:05,12.60,12.62,12.57,12.57,745.00,938100.00
2001/12/31,14:10,12.57,12.58,12.55,12.56,801.00,1006000.00
2001/12/31,14:15,12.56,12.56,12.52,12.53,515.00,645500.00
2001/12/31,14:20,12.53,12.55,12.52,12.54,367.00,460000.00
2001/12/31,14:25,12.54,12.58,12.54,12.58,275.00,346400.00
2001/12/31,14:30,12.58,12.60,12.57,12.60,556.00,700000.00
2001/12/31,14:35,12.61,12.64,12.60,12.60,758.00,956000.00
2001/12/31,14:40,12.60,12.60,12.57,12.57,182.00,229000.00
2001/12/31,14:45,12.57,12.57,12.52,12.52,726.00,910400.00
2001/12/31,14:50,12.52,12.59,12.52,12.58,704.00,884200.00
2001/12/31,14:55,12.59,12.59,12.57,12.59,432.00,543400.00
2001/12/31,15:00,12.59,12.59,12.59,12.59,0.00,0.00
